area,ciudad,conglomerado,panelm,vivienda,hogar,vi01,vi02,vi03a,vi03b,vi04a,vi04b,vi05a,vi05b,vi06,vi07,vi07a,vi07b,vi08,vi09,vi09a,vi09b,vi10,vi101,vi102,vi10a,vi11,vi12,vi13,vi14,vi141,vi142,vi143,vi144,vi1511,vi1521,vi1512,vi1522,vi1531,vi1541,vi1532,vi1542,vi1533,vi1543,vi1534,vi1544,vi1535,vi1545,vi1536,vi1546,estrato,fexp,upm,id_vivienda,id_hogar,periodo,provincia,area_etiqueta,grupo_cuartos,grupo_dormitorios
1,110150,1902,75,1,1,1,2,1,1,2,1,1,1,3,2,0,1,1,1, , ,1, , ,1,1,1,2,4,200, , , ,1,1,2, ,2, ,2, ,2, ,1,40,2, ,2, ,1113,"86,8142126297466",110150001902,11015000190207501,110150001902075011,202602,11,Urbana,3-4 cuartos,1 dormitorio
1,110150,1902,75,2,1,1,2,1,1,2,2,1,2,3,2,0,1,1,1, , ,1, , ,1,1,1,2,1,200,2,2,2,2, ,2, , , , , , , , , , , , , ,1113,"86,8142126297466",110150001902,11015000190207502,110150001902075021,202602,11,Urbana,3-4 cuartos,1 dormitorio
1,110150,1902,75,3,1,1,2,1,1,2,1,1,1,3,2,0,1,1,1, , ,1, , ,1,1,1,2,5,160, , , ,1,1,2, ,2, ,1,60,2, ,2, ,2, ,2, ,1113,"86,8142126297466",110150001902,11015000190207503,110150001902075031,202602,11,Urbana,3-4 cuartos,1 dormitorio
1,110150,1902,75,4,1,1,2,1,1,2,1,1,1,5,4,0,1,1,1, , ,1, , ,1,1,1,2,5,200, , , ,1,1,2, ,2, ,2, ,2, ,1,35,2, ,2, ,1113,"86,8142126297466",110150001902,11015000190207504,110150001902075041,202602,11,Urbana,5 o más cuartos,1 dormitorio
1,110150,1902,75,6,1,1,2,3,1,2,1,1,1,5,4,0,1,1,1, , ,1, , ,1,1,1,2,4,250, , , ,1,1,1,1,2, ,2, ,2, ,1,80,2, ,2, ,1113,"86,8142126297466",110150001902,11015000190207506,110150001902075061,202602,11,Urbana,5 o más cuartos,1 dormitorio
1,110150,1902,75,7,1,1,2,1,2,2,2,1,2,4,3,0,1,1,1, , ,1, , ,1,1,1,2,5,250, , , ,2, ,2, , , , , , , , , , , , , ,1113,"86,8142126297466",110150001902,11015000190207507,110150001902075071,202602,11,Urbana,3-4 cuartos,1 dormitorio
1,110150,1902,75,9,1,1,1,1,1,2,1,1,1,6,3,0,1,1,1, , ,1, , ,1,1,1,2,4,600, , , ,1,1,2, ,2, ,2, ,2, ,1,60,2, ,2, ,1113,"86,8142126297466",110150001902,11015000190207509,110150001902075091,202602,11,Urbana,5 o más cuartos,1 dormitorio
1,110150,2305,63,1,1,1,1,1,2,4,2,1,2,5,4,0,1,1,1, , ,1, , ,1,1,1,2,4,200, , , ,2, ,2, , , , , , , , , , , , , ,1112,"712,472115969407",110150002305,11015000230506301,110150002305063011,202602,11,Urbana,5 o más cuartos,1 dormitorio
1,110150,2305,63,2,1,1,2,1,1,2,1,1,1,4,3,0,1,1,1, , ,1, , ,1,1,1,2,4,200, , , ,1,1,2, ,2, ,2, ,2, ,1,60,2, ,2, ,1112,"712,472115969407",110150002305,11015000230506302,110150002305063021,202602,11,Urbana,3-4 cuartos,1 dormitorio
1,110150,2305,63,3,1,1,2,1,2,1,1,1,2,3,2,0,1,1,1, , ,1, , ,1,1,1,2,1,160,2,2,2,2, ,2, , , , , , , , , , , , , ,1112,"712,472115969407",110150002305,11015000230506303,110150002305063031,202602,11,Urbana,3-4 cuartos,1 dormitorio
1,110150,2305,63,4,1,1,2,1,1,2,2,1,2,5,4,0,1,1,1, , ,1, , ,1,1,1,2,4,200, , , ,1,1,2, ,2, ,2, ,2, ,1,50,2, ,2, ,1112,"712,472115969407",110150002305,11015000230506304,110150002305063041,202602,11,Urbana,5 o más cuartos,1 dormitorio
1,110150,2305,63,5,1,1,1,1,1,1,1,1,1,4,3,0,1,1,1, , ,1, , ,1,1,1,2,4,200, , , ,2, ,2, , , , , , , , , , , , , ,1112,"712,472115969407",110150002305,11015000230506305,110150002305063051,202602,11,Urbana,3-4 cuartos,1 dormitorio
1,110150,2305,63,6,1,1,2,2,1,2,1,1,1,4,3,0,1,1,1, , ,1, , ,1,1,1,2,1,160,2,2,2,2, ,2, , , , , , , , , , , , , ,1112,"712,472115969407",110150002305,11015000230506306,110150002305063061,202602,11,Urbana,3-4 cuartos,1 dormitorio
1,110150,2305,63,7,1,1,2,1,1,2,1,1,1,5,4,0,1,1,1, , ,1, , ,1,1,1,2,5,300, , , ,2, ,2, , , , , , , , , , , , , ,1112,"712,472115969407",110150002305,11015000230506307,110150002305063071,202602,11,Urbana,5 o más cuartos,1 dormitorio
1,110150,2505,81,1,1,1,1,1,1,2,1,1,1,4,3,0,1,1,1, , ,1, , ,1,1,1,2,3,180, , , ,2, ,2, , , , , , , , , , , , , ,1113,"208,631255694879",110150002505,11015000250508101,110150002505081011,202602,11,Urbana,3-4 cuartos,1 dormitorio
1,110150,2505,81,2,1,3,2,3,1,2,1,1,1,4,3,0,1,1,1, , ,1, , ,1,1,1,2,5,120, , , ,1,1,2, ,2, ,2, ,2, ,1,40,2, ,2, ,1113,"208,631255694879",110150002505,11015000250508102,110150002505081021,202602,11,Urbana,3-4 cuartos,1 dormitorio
1,110150,2505,81,4,1,3,2,1,1,2,1,1,1,2,1,0,1,1,1, , ,1, , ,1,1,1,2,4,70, , , ,2, ,2, , , , , , , , , , , , , ,1113,"208,631255694879",110150002505,11015000250508104,110150002505081041,202602,11,Urbana,1-2 cuartos,1 dormitorio
1,110150,2505,81,5,1,1,2,1,1,2,1,1,1,4,3,1,1,1,1, , ,1, , ,1,1,1,2,4,250, , , ,1,2,2, ,2, ,2, ,2, ,1,200,2, ,2, ,1113,"208,631255694879",110150002505,11015000250508105,110150002505081051,202602,11,Urbana,3-4 cuartos,1 dormitorio
1,110150,2505,81,6,1,3,2,3,2,2,1,1,2,4,3,0,1,1,1, , ,1, , ,1,1,1,2,5,250, , , ,1,1,2, ,2, ,1,80,2, ,2, ,2, ,2, ,1113,"208,631255694879",110150002505,11015000250508106,110150002505081061,202602,11,Urbana,3-4 cuartos,1 dormitorio
1,110150,2505,81,7,1,3,2,1,1,2,1,1,1,3,2,0,1,1,1, , ,1, , ,1,1,1,2,1,150,1,1,2,1,1,2, ,2, ,2, ,2, ,1,20,2, ,2, ,1113,"208,631255694879",110150002505,11015000250508107,110150002505081071,202602,11,Urbana,3-4 cuartos,1 dormitorio
1,110150,2505,81,8,1,3,2,1,1,1,1,1,1,4,3,0,1,1,1, , ,1, , ,1,1,1,2,4,200, , , ,2, ,2, , , , , , , , , , , , , ,1113,"208,631255694879",110150002505,11015000250508108,110150002505081081,202602,11,Urbana,3-4 cuartos,1 dormitorio
1,110150,3102,75,1,1,1,2,1,1,2,1,1,1,7,5,0,1,1,1, , ,1, , ,1,1,1,2,5,300, , , ,2, ,2, , , , , , , , , , , , , ,1112,"524,746206929646",110150003102,11015000310207501,110150003102075011,202602,11,Urbana,5 o más cuartos,1 dormitorio
1,110150,3102,75,2,1,1,3,4,2,1,2,3,2,1,1,0,1,1,1, , ,1, , ,2,2,1,2,5,100, , , ,2, ,2, , , , , , , , , , , , , ,1112,"524,746206929646",110150003102,11015000310207502,110150003102075021,202602,11,Urbana,1-2 cuartos,3 dormitorios
1,110150,3102,75,3,1,1,2,3,1,2,1,1,1,9,7,0,1,1,1, , ,1, , ,1,1,1,2,4,300, , , ,1,1,2, ,2, ,2, ,2, ,1,40,2, ,2, ,1112,"524,746206929646",110150003102,11015000310207503,110150003102075031,202602,11,Urbana,5 o más cuartos,1 dormitorio
1,110150,3102,75,4,1,1,2,1,2,1,1,1,1,3,2,0,1,1,1, , ,1, , ,1,1,1,2,1,200,1,1,2,2, ,2, , , , , , , , , , , , , ,1112,"524,746206929646",110150003102,11015000310207504,110150003102075041,202602,11,Urbana,3-4 cuartos,1 dormitorio
1,110150,3102,75,5,1,1,2,3,1,2,1,1,1,3,2,0,1,1,1, , ,1, , ,1,1,1,2,5,300, , , ,2, ,2, , , , , , , , , , , , , ,1112,"524,746206929646",110150003102,11015000310207505,110150003102075051,202602,11,Urbana,3-4 cuartos,1 dormitorio
1,110150,3102,75,6,1,1,2,4,2,1,2,1,2,4,3,0,1,1,1, , ,1, , ,1,1,1,2,5,200, , , ,2, ,2, , , , , , , , , , , , , ,1112,"524,746206929646",110150003102,11015000310207506,110150003102075061,202602,11,Urbana,3-4 cuartos,1 dormitorio
1,110150,3102,75,7,1,1,1,2,2,1,2,1,2,4,3,0,1,1,1, , ,1, , ,1,1,1,2,4,300, , , ,2, ,2, , , , , , , , , , , , , ,1112,"524,746206929646",110150003102,11015000310207507,110150003102075071,202602,11,Urbana,3-4 cuartos,1 dormitorio
1,110150,6605,63,1,1,1,1,1,3,4,3,1,2,4,3,0,1,1,1, , ,1, , ,1,1,1,2,5,200, , , ,2, ,2, , , , , , , , , , , , , ,1113,"361,487873887272",110150006605,11015000660506301,110150006605063011,202602,11,Urbana,3-4 cuartos,1 dormitorio
1,110150,6605,63,2,1,1,2,1,1,2,1,1,1,4,3,0,1,1,1, , ,1, , ,1,1,1,2,4,230, , , ,1,1,2, ,2, ,2, ,1,30,2, ,2, ,2, ,1113,"361,487873887272",110150006605,11015000660506302,110150006605063021,202602,11,Urbana,3-4 cuartos,1 dormitorio
1,110150,6605,63,3,1,1,2,1,1,2,1,1,1,4,3,0,1,1,1, , ,1, , ,1,1,1,2,5,200, , , ,2, ,2, , , , , , , , , , , , , ,1113,"361,487873887272",110150006605,11015000660506303,110150006605063031,202602,11,Urbana,3-4 cuartos,1 dormitorio
1,110150,6605,63,4,1,1,2,1,1,1,1,1,1,5,4,0,1,1,1, , ,1, , ,1,1,1,2,4,200, , , ,2, ,2, , , , , , , , , , , , , ,1113,"361,487873887272",110150006605,11015000660506304,110150006605063041,202602,11,Urbana,5 o más cuartos,1 dormitorio
1,110150,6605,63,5,1,1,1,1,1,2,1,1,1,4,3,0,1,1,1, , ,1, , ,1,1,1,2,4,120, , , ,2, ,2, , , , , , , , , , , , , ,1113,"361,487873887272",110150006605,11015000660506305,110150006605063051,202602,11,Urbana,3-4 cuartos,1 dormitorio
1,110150,6605,63,6,1,1,2,1,1,2,1,1,1,4,3,0,1,1,1, , ,1, , ,1,1,1,2,4,180, , , ,1,1,2, ,2, ,2, ,1,50,2, ,2, ,2, ,1113,"361,487873887272",110150006605,11015000660506306,110150006605063061,202602,11,Urbana,3-4 cuartos,1 dormitorio
1,110150,6605,63,7,1,1,2,1,1,1,1,1,1,4,3,0,1,1,1, , ,1, , ,1,1,1,2,1,150,2,2,1,1,1,2, ,2, ,2, ,2, ,1,40,2, ,2, ,1113,"361,487873887272",110150006605,11015000660506307,110150006605063071,202602,11,Urbana,3-4 cuartos,1 dormitorio
1,110150,7202,63,1,1,1,2,1,1,2,1,1,1,4,3,0,1,1,1, , ,1, , ,1,1,1,2,4,250, , , ,1,1,2, ,2, ,2, ,2, ,1,80,2, ,2, ,1113,"407,525465511814",110150007202,11015000720206301,110150007202063011,202602,11,Urbana,3-4 cuartos,1 dormitorio
1,110150,7202,63,2,1,1,2,1,2,2,2,1,2,3,2,0,1,1,1, , ,1, , ,1,1,1,2,1,190,1,1,2,1,1,2, ,2, ,2, ,2, ,1,50,2, ,2, ,1113,"407,525465511814",110150007202,11015000720206302,110150007202063021,202602,11,Urbana,3-4 cuartos,1 dormitorio
1,110150,7202,63,3,1,1,1,1,1,2,1,1,1,6,4,0,1,3,1, , ,1, , ,1,1,1,2,4,350, , , ,1,1,2, ,2, ,2, ,2, ,1,80,2, ,2, ,1113,"407,525465511814",110150007202,11015000720206303,110150007202063031,202602,11,Urbana,5 o más cuartos,1 dormitorio
1,110150,7202,63,4,1,1,1,2,2,1,1,1,2,3,2,0,1,1,1, , ,1, , ,1,1,1,2,4,150, , , ,2, ,2, , , , , , , , , , , , , ,1113,"407,525465511814",110150007202,11015000720206304,110150007202063041,202602,11,Urbana,3-4 cuartos,1 dormitorio
1,110150,7202,63,5,1,3,2,1,2,2,2,1,1,3,2,0,1,3,1, , ,1, , ,1,1,1,2,1,100,2,2,2,2, ,2, , , , , , , , , , , , , ,1113,"407,525465511814",110150007202,11015000720206305,110150007202063051,202602,11,Urbana,3-4 cuartos,1 dormitorio
1,110150,7202,63,6,1,1,2,1,1,1,1,1,1,4,3,0,1,1,1, , ,1, , ,1,1,1,2,4,300, , , ,2, ,1,1,2, ,2, ,2, ,1,25,2, ,2, ,1113,"407,525465511814",110150007202,11015000720206306,110150007202063061,202602,11,Urbana,3-4 cuartos,1 dormitorio
1,110150,7202,63,7,1,1,1,3,1,1,1,1,1,6,4,0,1,1,1, , ,1, , ,1,1,1,2,4,300, , , ,1,2,2, ,2, ,2, ,2, ,1,200,2, ,2, ,1113,"407,525465511814",110150007202,11015000720206307,110150007202063071,202602,11,Urbana,5 o más cuartos,1 dormitorio
1,110150,7803,81,2,1,3,2,1,2,4,2,1,2,3,2,0,1,1,1, , ,1, , ,1,1,1,2,5,150, , , ,2, ,2, , , , , , , , , , , , , ,1111,"533,781522284318",110150007803,11015000780308102,110150007803081021,202602,11,Urbana,3-4 cuartos,1 dormitorio
1,110150,7803,81,3,1,1,1,2,2,4,1,1,2,4,3,0,1,1,1, , ,1, , ,1,1,1,2,5,150, , , ,2, ,2, , , , , , , , , , , , , ,1111,"533,781522284318",110150007803,11015000780308103,110150007803081031,202602,11,Urbana,3-4 cuartos,1 dormitorio
1,110150,7803,81,5,1,3,2,1,3,4,3,1,1,2,2,0,1,1,1, , ,1, , ,2,1,1,2,1,80,1,1,2,2, ,2, , , , , , , , , , , , , ,1111,"533,781522284318",110150007803,11015000780308105,110150007803081051,202602,11,Urbana,1-2 cuartos,1 dormitorio
1,110150,7803,81,6,1,3,1,1,1,2,1,1,1,4,3,0,1,1,1, , ,1, , ,1,1,1,2,3,200, , , ,2, ,2, , , , , , , , , , , , , ,1111,"533,781522284318",110150007803,11015000780308106,110150007803081061,202602,11,Urbana,3-4 cuartos,1 dormitorio
1,110150,7803,81,7,1,1,4,3,2,5,2,1,2,2,1,0,1,1,1, , ,1, , ,1,1,1,2,4,100, , , ,2, ,2, , , , , , , , , , , , , ,1111,"533,781522284318",110150007803,11015000780308107,110150007803081071,202602,11,Urbana,1-2 cuartos,1 dormitorio
1,110150,7803,81,9,1,3,1,4,2,2,2,1,2,4,3,0,1,1,1, , ,1, , ,1,1,1,2,5,100, , , ,1,1,2, ,2, ,2, ,2, ,1,50,2, ,2, ,1111,"533,781522284318",110150007803,11015000780308109,110150007803081091,202602,11,Urbana,3-4 cuartos,1 dormitorio
1,110150,7803,81,10,1,3,1,4,3,5,3,1,3,3,3,0,1,1,1, , ,1, , ,1,1,1,2,4,150, , , ,2, ,2, , , , , , , , , , , , , ,1111,"533,781522284318",110150007803,11015000780308110,110150007803081101,202602,11,Urbana,3-4 cuartos,1 dormitorio
1,110150,8701,55,1,1,1,3,3,2,2,2,3,2,3,2,0,1,1,1, , ,1, , ,1,2,1,2,5,200, , , ,2, ,2, , , , , , , , , , , , , ,1113,"125,024194371118",110150008701,11015000870105501,110150008701055011,202602,11,Urbana,3-4 cuartos,3 dormitorios
1,110150,8701,55,2,1,1,2,1,1,1,1,1,1,4,2,0,1,1,1, , ,1, , ,1,1,1,2,4,400, , , ,1,1,2, ,2, ,2, ,2, ,1,30,2, ,2, ,1113,"125,024194371118",110150008701,11015000870105502,110150008701055021,202602,11,Urbana,3-4 cuartos,1 dormitorio
1,110150,8701,55,3,1,1,2,1,2,1,1,1,1,5,3,1,1,1,1, , ,1, , ,1,1,1,2,4,200, , , ,2, ,2, , , , , , , , , , , , , ,1113,"125,024194371118",110150008701,11015000870105503,110150008701055031,202602,11,Urbana,5 o más cuartos,1 dormitorio
1,110150,8701,55,4,1,1,1,4,2,2,2,3,2,4,3,0,1,1,1, , ,1, , ,1,2,1,2,5,200, , , ,2, ,2, , , , , , , , , , , , , ,1113,"125,024194371118",110150008701,11015000870105504,110150008701055041,202602,11,Urbana,3-4 cuartos,3 dormitorios
1,110150,8701,55,6,1,1,1,4,1,2,1,1,1,4,3,0,1,1,1, , ,1, , ,1,1,1,2,4,300, , , ,1,1,2, ,2, ,2, ,2, ,1,40,2, ,2, ,1113,"125,024194371118",110150008701,11015000870105506,110150008701055061,202602,11,Urbana,3-4 cuartos,1 dormitorio
1,110150,8701,55,7,1,1,2,1,1,2,1,1,1,4,3,0,1,1,1, , ,1, , ,1,1,1,2,5,200, , , ,2, ,2, , , , , , , , , , , , , ,1113,"125,024194371118",110150008701,11015000870105507,110150008701055071,202602,11,Urbana,3-4 cuartos,1 dormitorio
1,110150,8701,55,9,1,1,1,3,1,2,1,1,1,5,4,0,1,1,1, , ,1, , ,1,1,1,2,4,150, , , ,2, ,2, , , , , , , , , , , , , ,1113,"125,024194371118",110150008701,11015000870105509,110150008701055091,202602,11,Urbana,5 o más cuartos,1 dormitorio
1,110150,19401,55,1,1,4,1,4,2,7,3,3,3,3,2,0,1,1,2, , ,1, , ,1,1,1,4,4,150, , , ,2, ,2, , , , , , , , , , , , , ,1112,"319,994282716364",110150019401,11015001940105501,110150019401055011,202602,11,Urbana,3-4 cuartos,3 dormitorios
1,110150,19401,55,2,1,3,2,1,1,2,1,1,1,4,3,0,1,1,1, , ,1, , ,1,1,1,2,5,300, , , ,2, ,2, , , , , , , , , , , , , ,1112,"319,994282716364",110150019401,11015001940105502,110150019401055021,202602,11,Urbana,3-4 cuartos,1 dormitorio
1,110150,19401,55,3,1,3,3,2,2,4,2,3,2,3,2,0,1,1,2, , ,1, , ,1,2,1,2,5,100, , , ,2, ,2, , , , , , , , , , , , , ,1112,"319,994282716364",110150019401,11015001940105503,110150019401055031,202602,11,Urbana,3-4 cuartos,3 dormitorios
1,110150,19401,55,4,1,3,2,1,2,4,2,1,2,4,3,0,1,1,1, , ,1, , ,1,1,1,2,5,100, , , ,2, ,2, , , , , , , , , , , , , ,1112,"319,994282716364",110150019401,11015001940105504,110150019401055041,202602,11,Urbana,3-4 cuartos,1 dormitorio
1,110150,19401,55,5,1,3,1,1,1,2,1,1,1,4,3,0,1,1,1, , ,1, , ,1,1,1,2,1,200,2,2,1,1,1,2, ,2, ,2, ,2, ,1,80,2, ,2, ,1112,"319,994282716364",110150019401,11015001940105505,110150019401055051,202602,11,Urbana,3-4 cuartos,1 dormitorio
1,110150,19401,55,6,1,3,2,1,2,4,2,1,2,4,3,0,1,1,1, , ,1, , ,1,1,1,2,1,135,1,1,2,2, ,2, , , , , , , , , , , , , ,1112,"319,994282716364",110150019401,11015001940105506,110150019401055061,202602,11,Urbana,3-4 cuartos,1 dormitorio
1,110150,19401,55,7,1,3,3,1,2,4,2,1,1,1,0,0,2,1,1, , ,1, , ,2,2,1,2,1,50,1,1,2,2, ,2, , , , , , , , , , , , , ,1112,"319,994282716364",110150019401,11015001940105507,110150019401055071,202602,11,Urbana,1-2 cuartos,1 dormitorio
1,110150,21806,81,1,1,1,1,2,2,2,2,1,2,4,3,0,1,1,1, , ,1, , ,1,1,1,2,4,200, , , ,2, ,2, , , , , , , , , , , , , ,1113,"346,138765588312",110150021806,11015002180608101,110150021806081011,202602,11,Urbana,3-4 cuartos,1 dormitorio
1,110150,21806,81,2,1,1,2,1,1,2,1,1,1,4,3,0,1,1,1, , ,1, , ,1,1,1,2,4,300, , , ,1,1,2, ,2, ,2, ,2, ,1,30,2, ,2, ,1113,"346,138765588312",110150021806,11015002180608102,110150021806081021,202602,11,Urbana,3-4 cuartos,1 dormitorio
1,110150,21806,81,3,1,1,1,3,2,2,2,1,2,4,3,0,1,1,1, , ,1, , ,1,1,1,2,1,250,2,2,2,2, ,2, , , , , , , , , , , , , ,1113,"346,138765588312",110150021806,11015002180608103,110150021806081031,202602,11,Urbana,3-4 cuartos,1 dormitorio
1,110150,21806,81,4,1,1,2,1,2,2,2,1,2,2,1,0,1,1,1, , ,1, , ,1,1,1,2,1,60,1,1,2,2, ,2, , , , , , , , , , , , , ,1113,"346,138765588312",110150021806,11015002180608104,110150021806081041,202602,11,Urbana,1-2 cuartos,1 dormitorio
1,110150,21806,81,5,1,1,1,1,2,2,2,1,2,5,4,0,1,1,1, , ,1, , ,1,1,1,2,4,400, , , ,2, ,2, , , , , , , , , , , , , ,1113,"346,138765588312",110150021806,11015002180608105,110150021806081051,202602,11,Urbana,5 o más cuartos,1 dormitorio
1,110150,21806,81,6,1,3,1,4,1,2,2,1,2,4,3,0,1,1,1, , ,1, , ,1,1,1,2,4,425, , , ,1,1,2, ,2, ,2, ,2, ,1,90,2, ,2, ,1113,"346,138765588312",110150021806,11015002180608106,110150021806081061,202602,11,Urbana,3-4 cuartos,1 dormitorio
1,110150,21806,81,7,1,1,2,1,1,2,1,1,1,3,2,0,1,1,1, , ,1, , ,1,1,1,2,1,150,1,2,2,2, ,2, , , , , , , , , , , , , ,1113,"346,138765588312",110150021806,11015002180608107,110150021806081071,202602,11,Urbana,3-4 cuartos,1 dormitorio
1,110150,27205,81,1,1,1,2,1,1,1,1,1,1,4,3,0,1,1,1, , ,1, , ,1,1,1,2,4,200, , , ,1,1,2, ,2, ,2, ,2, ,1,60,2, ,2, ,1112,"192,837640365131",110150027205,11015002720508101,110150027205081011,202602,11,Urbana,3-4 cuartos,1 dormitorio
1,110150,27205,81,2,1,1,1,2,2,2,2,1,2,3,2,0,1,1,1, , ,1, , ,1,1,1,2,4,300, , , ,1,1,2, ,2, ,2, ,2, ,1,50,2, ,2, ,1112,"192,837640365131",110150027205,11015002720508102,110150027205081021,202602,11,Urbana,3-4 cuartos,1 dormitorio
1,110150,27205,81,3,1,1,2,1,2,2,2,1,2,4,3,0,1,1,1, , ,1, , ,1,1,1,2,1,250,2,2,1,2, ,2, , , , , , , , , , , , , ,1112,"192,837640365131",110150027205,11015002720508103,110150027205081031,202602,11,Urbana,3-4 cuartos,1 dormitorio
1,110150,27205,81,4,1,1,2,1,1,2,1,1,1,3,2,0,1,1,1, , ,1, , ,1,1,1,2,5,200, , , ,2, ,2, , , , , , , , , , , , , ,1112,"192,837640365131",110150027205,11015002720508104,110150027205081041,202602,11,Urbana,3-4 cuartos,1 dormitorio
1,110150,27205,81,5,1,1,3,3,3,7,3,4,3,2,1,0,1,1,1, , ,1, , ,2,2,1,2,5,50, , , ,2, ,2, , , , , , , , , , , , , ,1112,"192,837640365131",110150027205,11015002720508105,110150027205081051,202602,11,Urbana,1-2 cuartos,4 o más dormitorios
1,110150,27205,81,6,1,1,3,3,2,4,2,1,2,2,1,0,1,1,1, , ,1, , ,2,2,1,2,4,100, , , ,1,1,2, ,2, ,2, ,2, ,1,70,2, ,2, ,1112,"192,837640365131",110150027205,11015002720508106,110150027205081061,202602,11,Urbana,1-2 cuartos,1 dormitorio
1,110150,27205,81,7,1,1,4,4,2,4,2,1,2,2,1,0,1,1,1, , ,1, , ,1,1,1,2,4,100, , , ,2, ,2, , , , , , , , , , , , , ,1112,"192,837640365131",110150027205,11015002720508107,110150027205081071,202602,11,Urbana,1-2 cuartos,1 dormitorio
1,110150,28803,55,1,1,1,1,3,2,4,2,1,2,3,2,0,1,1,1, , ,1, , ,1,1,1,2,5,200, , , ,2, ,1,1,2, ,2, ,2, ,1,40,2, ,2, ,1113,"580,246780354021",110150028803,11015002880305501,110150028803055011,202602,11,Urbana,3-4 cuartos,1 dormitorio
1,110150,28803,55,2,1,1,2,1,2,2,1,1,1,3,2,0,1,1,1, , ,1, , ,1,1,1,2,4,250, , , ,2, ,2, , , , , , , , , , , , , ,1113,"580,246780354021",110150028803,11015002880305502,110150028803055021,202602,11,Urbana,3-4 cuartos,1 dormitorio
1,110150,28803,55,3,1,1,2,1,1,1,1,1,1,4,3,1,1,3,1, , ,1, , ,1,1,1,2,1,350,1,1,1,2, ,2, , , , , , , , , , , , , ,1113,"580,246780354021",110150028803,11015002880305503,110150028803055031,202602,11,Urbana,3-4 cuartos,1 dormitorio
1,110150,28803,55,4,1,1,1,2,2,4,2,1,2,3,2,0,1,1,1, , ,1, , ,1,1,1,2,4,150, , , ,2, ,2, , , , , , , , , , , , , ,1113,"580,246780354021",110150028803,11015002880305504,110150028803055041,202602,11,Urbana,3-4 cuartos,1 dormitorio
1,110150,28803,55,5,1,1,1,3,1,1,1,1,1,4,3,0,1,1,1, , ,1, , ,1,1,1,2,4,200, , , ,2, ,2, , , , , , , , , , , , , ,1113,"580,246780354021",110150028803,11015002880305505,110150028803055051,202602,11,Urbana,3-4 cuartos,1 dormitorio
1,110150,28803,55,7,1,1,1,3,3,2,3,1,2,5,4,0,1,1,1, , ,1, , ,1,1,1,2,4,180, , , ,2, ,1,1,2, ,2, ,2, ,1,30,2, ,2, ,1113,"580,246780354021",110150028803,11015002880305507,110150028803055071,202602,11,Urbana,5 o más cuartos,1 dormitorio
1,110150,28803,55,9,1,1,2,1,1,1,1,1,1,3,2,0,1,1,1, , ,1, , ,1,1,1,2,5,250, , , ,2, ,2, , , , , , , , , , , , , ,1113,"580,246780354021",110150028803,11015002880305509,110150028803055091,202602,11,Urbana,3-4 cuartos,1 dormitorio
1,110150,30001,75,1,1,1,2,4,1,4,1,1,1,3,2,0,1,1,1, , ,1, , ,1,1,1,2,4,180, , , ,2, ,2, , , , , , , , , , , , , ,1113,"208,263976200095",110150030001,11015003000107501,110150030001075011,202602,11,Urbana,3-4 cuartos,1 dormitorio
1,110150,30001,75,2,1,1,2,2,1,1,1,1,1,4,3,0,1,1,1, , ,1, , ,1,1,1,2,4,250, , , ,1,1,2, ,2, ,2, ,2, ,1,80,2, ,2, ,1113,"208,263976200095",110150030001,11015003000107502,110150030001075021,202602,11,Urbana,3-4 cuartos,1 dormitorio
1,110150,30001,75,3,1,1,1,4,2,1,1,1,2,4,3,0,1,1,1, , ,1, , ,1,1,1,2,4,250, , , ,1,1,2, ,2, ,2, ,2, ,1,90,2, ,2, ,1113,"208,263976200095",110150030001,11015003000107503,110150030001075031,202602,11,Urbana,3-4 cuartos,1 dormitorio
1,110150,30001,75,4,1,1,1,2,3,2,2,1,2,6,5,0,1,1,1, , ,1, , ,1,1,1,2,4,250, , , ,2, ,2, , , , , , , , , , , , , ,1113,"208,263976200095",110150030001,11015003000107504,110150030001075041,202602,11,Urbana,5 o más cuartos,1 dormitorio
1,110150,30001,75,5,1,1,2,2,1,2,2,1,1,4,3,0,1,1,1, , ,1, , ,1,1,1,2,1,150,2,2,2,2, ,2, , , , , , , , , , , , , ,1113,"208,263976200095",110150030001,11015003000107505,110150030001075051,202602,11,Urbana,3-4 cuartos,1 dormitorio
1,110150,30001,75,6,1,1,2,2,3,4,3,1,1,4,3,0,1,1,1, , ,1, , ,1,1,1,2,5,500, , , ,2, ,2, , , , , , , , , , , , , ,1113,"208,263976200095",110150030001,11015003000107506,110150030001075061,202602,11,Urbana,3-4 cuartos,1 dormitorio
1,110150,30001,75,7,1,1,2,1,1,1,1,1,1,5,3,0,1,1,1, , ,1, , ,1,1,1,2,4,700, , , ,1,1,2, ,2, ,2, ,2, ,1,100,2, ,2, ,1113,"208,263976200095",110150030001,11015003000107507,110150030001075071,202602,11,Urbana,5 o más cuartos,1 dormitorio
2,110154,101,63,1,1,3,1,4,3,5,3,3,3,4,3,0,1,1,1, , ,1, , ,1,1,1,2,4,120, , , ,2, ,2, , , , , , , , , , , , , ,1122,"261,539552876935",110154000101,11015400010106301,110154000101063011,202602,11,Rural,3-4 cuartos,3 dormitorios
2,110154,101,63,2,1,3,1,4,2,5,3,3,3,3,3,0,1,1,1, , ,1, , ,1,1,1,2,4,150, , , ,2, ,2, , , , , , , , , , , , , ,1122,"261,539552876935",110154000101,11015400010106302,110154000101063021,202602,11,Rural,3-4 cuartos,3 dormitorios
2,110154,101,63,3,1,4,1,4,2,5,3,3,3,3,2,0,1,1,1, , ,1, , ,1,1,1,2,4,80, , , ,2, ,2, , , , , , , , , , , , , ,1122,"261,539552876935",110154000101,11015400010106303,110154000101063031,202602,11,Rural,3-4 cuartos,3 dormitorios
2,110154,101,63,4,1,3,3,4,3,5,3,3,3,2,1,0,1,1,1, , ,1, , ,1,2,1,2,4,100, , , ,2, ,2, , , , , , , , , , , , , ,1122,"261,539552876935",110154000101,11015400010106304,110154000101063041,202602,11,Rural,1-2 cuartos,3 dormitorios
2,110154,101,63,5,1,3,2,4,2,5,3,3,2,3,2,0,1,1,1, , ,1, , ,1,1,1,2,4,150, , , ,2, ,2, , , , , , , , , , , , , ,1122,"261,539552876935",110154000101,11015400010106305,110154000101063051,202602,11,Rural,3-4 cuartos,3 dormitorios
2,110154,101,63,6,1,3,1,4,3,5,3,3,3,1,1,0,1,1,1, , ,1, , ,1,1,1,2,4,100, , , ,2, ,2, , , , , , , , , , , , , ,1122,"261,539552876935",110154000101,11015400010106306,110154000101063061,202602,11,Rural,1-2 cuartos,3 dormitorios
2,110154,101,63,7,1,3,1,4,3,5,3,3,3,2,1,0,1,1,1, , ,1, , ,1,1,1,2,4,150, , , ,2, ,2, , , , , , , , , , , , , ,1122,"261,539552876935",110154000101,11015400010106307,110154000101063071,202602,11,Rural,1-2 cuartos,3 dormitorios
2,110156,105,81,1,1,1,2,1,2,2,2,1,2,4,3,1,1,1,1, , ,1, , ,1,1,1,2,4,200, , , ,1,1,2, ,2, ,2, ,2, ,1,80,2, ,2, ,1123,"188,636365726666",110156000105,11015600010508101,110156000105081011,202602,11,Rural,3-4 cuartos,1 dormitorio
2,110156,105,81,3,1,1,2,1,1,2,1,1,1,4,3,0,1,1,1, , ,1, , ,1,1,1,2,5,150, , , ,1,1,1,1,2, ,2, ,2, ,1,130,2, ,2, ,1123,"188,636365726666",110156000105,11015600010508103,110156000105081031,202602,11,Rural,3-4 cuartos,1 dormitorio
2,110156,105,81,4,1,1,2,4,2,1,2,1,2,4,3,0,1,1,1, , ,1, , ,1,1,1,2,4,250, , , ,2, ,2, , , , , , , , , , , , , ,1123,"188,636365726666",110156000105,11015600010508104,110156000105081041,202602,11,Rural,3-4 cuartos,1 dormitorio
2,110156,105,81,6,1,1,1,4,3,4,1,3,2,3,2,0,1,1,1, , ,1, , ,1,1,1,2,5,200, , , ,2, ,2, , , , , , , , , , , , , ,1123,"188,636365726666",110156000105,11015600010508106,110156000105081061,202602,11,Rural,3-4 cuartos,3 dormitorios
2,110156,105,81,7,1,1,1,3,2,4,2,4,1,2,1,0,1,1,1, , ,1, , ,2,1,1,2,1,200,2,2,2,2, ,2, , , , , , , , , , , , , ,1123,"188,636365726666",110156000105,11015600010508107,110156000105081071,202602,11,Rural,1-2 cuartos,4 o más dormitorios
2,110156,105,81,8,1,1,1,4,1,4,1,1,1,3,2,0,1,1,1, , ,1, , ,1,1,1,2,4,200, , , ,2, ,2, , , , , , , , , , , , , ,1123,"188,636365726666",110156000105,11015600010508108,110156000105081081,202602,11,Rural,3-4 cuartos,1 dormitorio
2,110156,105,81,9,1,1,2,1,1,2,1,1,1,3,2,0,1,1,1, , ,1, , ,1,1,1,2,1,120,2,2,1,2, ,2, , , , , , , , , , , , , ,1123,"188,636365726666",110156000105,11015600010508109,110156000105081091,202602,11,Rural,3-4 cuartos,1 dormitorio
2,110156,901401,81,1,1,3,2,4,1,5,1,3,1,7,5,0,1,1,1, , ,1, , ,1,1,1,2,4,100, , , ,2, ,2, , , , , , , , , , , , , ,1122,"324,836169318848",110156901401,11015690140108101,110156901401081011,202602,11,Rural,5 o más cuartos,3 dormitorios
2,110156,901401,81,2,1,4,1,4,3,7,3,3,3,3,2,0,1,1,2, , ,1, , ,1,2,1,4,5,150, , , ,2, ,2, , , , , , , , , , , , , ,1122,"324,836169318848",110156901401,11015690140108102,110156901401081021,202602,11,Rural,3-4 cuartos,3 dormitorios
2,110156,901401,81,4,1,3,1,1,2,2,2,1,2,5,4,0,1,1,1, , ,1, , ,1,1,1,2,4,150, , , ,2, ,2, , , , , , , , , , , , , ,1122,"324,836169318848",110156901401,11015690140108104,110156901401081041,202602,11,Rural,5 o más cuartos,1 dormitorio
2,110156,901401,81,5,1,3,1,4,3,2,3,3,3,4,3,0,1,1,1, , ,1, , ,1,1,1,4,4,60, , , ,2, ,2, , , , , , , , , , , , , ,1122,"324,836169318848",110156901401,11015690140108105,110156901401081051,202602,11,Rural,3-4 cuartos,3 dormitorios
2,110156,901401,81,6,1,3,1,2,2,4,2,1,2,4,3,0,1,1,1, , ,1, , ,1,1,1,2,4,50, , , ,2, ,2, , , , , , , , , , , , , ,1122,"324,836169318848",110156901401,11015690140108106,110156901401081061,202602,11,Rural,3-4 cuartos,1 dormitorio
2,110156,901401,81,7,1,3,3,4,3,4,3,3,3,3,2,0,1,1,1, , ,1, , ,1,2,1,2,4,200, , , ,2, ,2, , , , , , , , , , , , , ,1122,"324,836169318848",110156901401,11015690140108107,110156901401081071,202602,11,Rural,3-4 cuartos,3 dormitorios
2,110156,901401,81,8,1,3,1,3,2,4,2,1,2,3,2,0,1,1,2, , ,1, , ,1,1,1,2,4,50, , , ,2, ,2, , , , , , , , , , , , , ,1122,"324,836169318848",110156901401,11015690140108108,110156901401081081,202602,11,Rural,3-4 cuartos,1 dormitorio
2,110157,900801,75,1,1,4,1,4,2,5,2,3,2,3,2,0,1,1,2, , ,1, , ,1,1,1,2,4,50, , , ,2, ,2, , , , , , , , , , , , , ,1122,"147,538389178543",110157900801,11015790080107501,110157900801075011,202602,11,Rural,3-4 cuartos,3 dormitorios
2,110157,900801,75,2,1,3,1,4,2,7,3,3,2,3,2,0,1,1,2, , ,1, , ,1,1,1,2,4,100, , , ,2, ,1,1,2, ,2, ,2, ,1,5,2, ,2, ,1122,"147,538389178543",110157900801,11015790080107502,110157900801075021,202602,11,Rural,3-4 cuartos,3 dormitorios
2,110157,900801,75,3,1,3,1,4,1,5,2,5,2,4,3,0,1,2,2, , ,1, , ,1,1,1,4,4,100, , , ,2, ,2, , , , , , , , , , , , , ,1122,"147,538389178543",110157900801,11015790080107503,110157900801075031,202602,11,Rural,3-4 cuartos,4 o más dormitorios
2,110157,900801,75,4,1,4,1,2,2,4,2,1,2,4,3,0,1,1,2, , ,1, , ,1,1,1,4,4,100, , , ,2, ,2, , , , , , , , , , , , , ,1122,"147,538389178543",110157900801,11015790080107504,110157900801075041,202602,11,Rural,3-4 cuartos,1 dormitorio
2,110157,900801,75,5,1,4,1,4,2,7,3,3,2,1,1,0,1,2,5,2, ,1, , ,2,3,1,4,4,50, , , ,2, ,2, , , , , , , , , , , , , ,1122,"147,538389178543",110157900801,11015790080107505,110157900801075051,202602,11,Rural,1-2 cuartos,3 dormitorios
2,110157,900801,75,6,1,4,1,4,2,1,2,3,2,3,1,0,1,1,2, , ,1, , ,1,1,1,2,5,100, , , ,1,1,2, ,2, ,2, ,2, ,1,80,2, ,2, ,1122,"147,538389178543",110157900801,11015790080107506,110157900801075061,202602,11,Rural,3-4 cuartos,3 dormitorios
2,110157,900801,75,7,1,3,1,2,1,5,2,1,1,4,3,0,1,1,2, , ,1, , ,1,1,1,2,4,50, , , ,2, ,2, , , , , , , , , , , , , ,1122,"147,538389178543",110157900801,11015790080107507,110157900801075071,202602,11,Rural,3-4 cuartos,1 dormitorio
2,110160,900401,75,1,1,1,1,4,3,4,3,1,2,4,3,0,1,1,2, , ,1, , ,2,1,1,2,4,50, , , ,2, ,2, , , , , , , , , , , , , ,1121,"439,930644563959",110160900401,11016090040107501,110160900401075011,202602,11,Rural,3-4 cuartos,1 dormitorio
2,110160,900401,75,2,1,1,1,2,2,2,1,1,1,4,3,0,1,1,2, , ,1, , ,1,1,1,4,5,80, , , ,2, ,2, , , , , , , , , , , , , ,1121,"439,930644563959",110160900401,11016090040107502,110160900401075021,202602,11,Rural,3-4 cuartos,1 dormitorio
2,110160,900401,75,3,1,4,1,2,3,5,2,1,2,3,2,0,1,1,2, , ,3,2,2,1,1,1,4,4,100, , , ,2, ,2, , , , , , , , , , , , , ,1121,"439,930644563959",110160900401,11016090040107503,110160900401075031,202602,11,Rural,3-4 cuartos,1 dormitorio
2,110160,900401,75,4,1,1,1,3,1,4,2,1,2,4,3,0,1,1,2, , ,1, , ,1,1,1,2,4,100, , , ,2, ,2, , , , , , , , , , , , , ,1121,"439,930644563959",110160900401,11016090040107504,110160900401075041,202602,11,Rural,3-4 cuartos,1 dormitorio
2,110160,900401,75,5,1,4,1,4,3,5,3,3,3,2,2,0,1,2,2, , ,6, , ,2,1,1,4,5,50, , , ,2, ,2, , , , , , , , , , , , , ,1121,"439,930644563959",110160900401,11016090040107505,110160900401075051,202602,11,Rural,1-2 cuartos,3 dormitorios
2,110160,900401,75,6,1,4,1,4,3,5,2,3,2,4,3,0,1,1,2, , ,3,2,2,2,1,1,4,5,50, , , ,2, ,2, , , , , , , , , , , , , ,1121,"439,930644563959",110160900401,11016090040107506,110160900401075061,202602,11,Rural,3-4 cuartos,3 dormitorios
2,110160,900401,75,7,1,3,1,2,2,4,2,3,2,3,2,0,1,1,2, , ,1, , ,1,1,1,4,4,100, , , ,2, ,1,1,2, ,1,10,2, ,2, ,2, ,2, ,1121,"439,930644563959",110160900401,11016090040107507,110160900401075071,202602,11,Rural,3-4 cuartos,3 dormitorios
1,110161,101,75,1,1,1,1,2,3,1,2,3,2,3,2,0,1,1,1, , ,1, , ,1,1,1,2,5,150, , , ,2, ,2, , , , , , , , , , , , , ,1111,"95,1234151985732",110161000101,11016100010107501,110161000101075011,202602,11,Urbana,3-4 cuartos,3 dormitorios
1,110161,101,75,2,1,1,1,4,2,4,2,1,2,3,2,0,1,1,1, , ,1, , ,1,1,1,2,1,200,2,2,2,2, ,1,1,2, ,2, ,2, ,1,30,2, ,2, ,1111,"95,1234151985732",110161000101,11016100010107502,110161000101075021,202602,11,Urbana,3-4 cuartos,1 dormitorio
1,110161,101,75,3,1,1,2,2,2,4,2,1,2,3,2,0,1,1,1, , ,1, , ,1,1,1,2,5,250, , , ,2, ,2, , , , , , , , , , , , , ,1111,"95,1234151985732",110161000101,11016100010107503,110161000101075031,202602,11,Urbana,3-4 cuartos,1 dormitorio
1,110161,101,75,4,1,1,2,1,1,2,1,1,1,4,3,0,1,1,1, , ,1, , ,1,1,1,2,4,350, , , ,1,2,2, ,2, ,2, ,2, ,1,60,2, ,2, ,1111,"95,1234151985732",110161000101,11016100010107504,110161000101075041,202602,11,Urbana,3-4 cuartos,1 dormitorio
1,110161,101,75,5,1,1,2,1,3,2,1,1,2,4,3,0,1,1,1, , ,1, , ,1,1,1,2,4,300, , , ,2, ,2, , , , , , , , , , , , , ,1111,"95,1234151985732",110161000101,11016100010107505,110161000101075051,202602,11,Urbana,3-4 cuartos,1 dormitorio
1,110161,101,75,6,1,1,2,1,1,4,1,1,1,5,4,1,1,1,1, , ,1, , ,1,1,1,2,4,300, , , ,2, ,2, , , , , , , , , , , , , ,1111,"95,1234151985732",110161000101,11016100010107506,110161000101075061,202602,11,Urbana,5 o más cuartos,1 dormitorio
1,110161,101,75,7,1,1,2,1,1,1,1,1,1,5,4,0,1,1,1, , ,1, , ,1,1,1,2,4,100, , , ,2, ,2, , , , , , , , , , , , , ,1111,"95,1234151985732",110161000101,11016100010107507,110161000101075071,202602,11,Urbana,5 o más cuartos,1 dormitorio
2,110161,900702,55,1,1,3,2,1,2,2,2,1,2,3,2,0,1,1,2, , ,1, , ,1,1,1,2,1,100,2,2,1,2, ,2, , , , , , , , , , , , , ,1123,"280,728982411828",110161900702,11016190070205501,110161900702055011,202602,11,Rural,3-4 cuartos,1 dormitorio
2,110161,900702,55,2,1,1,1,4,1,4,2,3,2,6,5,0,1,1,2, , ,1, , ,1,1,1,2,4,150, , , ,1,1,2, ,2, ,2, ,2, ,1,40,2, ,2, ,1123,"280,728982411828",110161900702,11016190070205502,110161900702055021,202602,11,Rural,5 o más cuartos,3 dormitorios
2,110161,900702,55,3,1,3,1,2,1,2,1,1,1,2,1,0,1,1,2, , ,1, , ,1,1,1,2,4,200, , , ,2, ,2, , , , , , , , , , , , , ,1123,"280,728982411828",110161900702,11016190070205503,110161900702055031,202602,11,Rural,1-2 cuartos,1 dormitorio
2,110161,900702,55,4,1,3,1,2,1,2,1,1,1,4,3,0,1,1,1, , ,1, , ,1,1,1,2,4,200, , , ,1,1,2, ,2, ,2, ,2, ,1,150,2, ,2, ,1123,"280,728982411828",110161900702,11016190070205504,110161900702055041,202602,11,Rural,3-4 cuartos,1 dormitorio
2,110161,900702,55,5,1,3,2,1,2,4,2,1,2,3,2,0,1,1,2, , ,1, , ,1,1,1,2,5,100, , , ,2, ,2, , , , , , , , , , , , , ,1123,"280,728982411828",110161900702,11016190070205505,110161900702055051,202602,11,Rural,3-4 cuartos,1 dormitorio
2,110161,900702,55,6,1,3,1,2,2,4,2,1,1,5,4,0,1,1,2, , ,1, , ,1,1,1,2,4,150, , , ,1,1,1,1,2, ,2, ,2, ,1,80,2, ,2, ,1123,"280,728982411828",110161900702,11016190070205506,110161900702055061,202602,11,Rural,5 o más cuartos,1 dormitorio
2,110161,900702,55,7,1,3,1,4,1,4,1,3,1,5,5,0,1,1,2, , ,3,2,2,1,1,1,2,4,200, , , ,2, ,2, , , , , , , , , , , , , ,1123,"280,728982411828",110161900702,11016190070205507,110161900702055071,202602,11,Rural,5 o más cuartos,3 dormitorios
1,110250,302,63,1,1,1,1,3,1,4,2,1,2,3,2,0,1,1,1, , ,1, , ,1,1,1,2,4,150, , , ,2, ,2, , , , , , , , , , , , , ,1112,"104,565625170862",110250000302,11025000030206301,110250000302063011,202602,11,Urbana,3-4 cuartos,1 dormitorio
1,110250,302,63,2,1,1,1,1,1,4,1,1,1,4,3,0,1,1,1, , ,1, , ,1,1,1,2,4,180, , , ,1,1,2, ,2, ,2, ,1,40,2, ,2, ,2, ,1112,"104,565625170862",110250000302,11025000030206302,110250000302063021,202602,11,Urbana,3-4 cuartos,1 dormitorio
1,110250,302,63,3,1,1,2,2,1,2,1,1,2,4,3,0,1,1,1, , ,1, , ,1,1,1,2,1,100,2,2,2,2, ,2, , , , , , , , , , , , , ,1112,"104,565625170862",110250000302,11025000030206303,110250000302063031,202602,11,Urbana,3-4 cuartos,1 dormitorio
1,110250,302,63,4,1,1,2,1,2,1,1,1,1,3,2,0,1,1,1, , ,1, , ,1,1,1,2,1,200,2,2,2,2, ,2, , , , , , , , , , , , , ,1112,"104,565625170862",110250000302,11025000030206304,110250000302063041,202602,11,Urbana,3-4 cuartos,1 dormitorio
1,110250,302,63,5,1,1,2,1,1,1,1,1,2,4,3,0,1,1,1, , ,1, , ,1,1,1,2,3,200, , , ,1,1,2, ,2, ,2, ,2, ,1,50,2, ,2, ,1112,"104,565625170862",110250000302,11025000030206305,110250000302063051,202602,11,Urbana,3-4 cuartos,1 dormitorio
1,110250,302,63,6,1,1,2,1,1,2,1,1,1,4,3,0,1,1,1, , ,1, , ,1,1,1,2,1,160,2,2,2,2, ,1,1,2, ,2, ,2, ,1,14,2, ,2, ,1112,"104,565625170862",110250000302,11025000030206306,110250000302063061,202602,11,Urbana,3-4 cuartos,1 dormitorio
1,110250,302,63,7,1,1,2,1,2,2,2,1,1,2,2,0,1,1,1, , ,1, , ,1,1,1,2,1,80,2,2,2,2, ,2, , , , , , , , , , , , , ,1112,"104,565625170862",110250000302,11025000030206307,110250000302063071,202602,11,Urbana,1-2 cuartos,1 dormitorio
1,110250,1003,55,1,1,1,2,6,2,2,1,1,1,2,2,0,1,1,1, , ,1, , ,1,1,1,2,1,70,2,2,2,2, ,2, , , , , , , , , , , , , ,1112,"296,010302705383",110250001003,11025000100305501,110250001003055011,202602,11,Urbana,1-2 cuartos,1 dormitorio
1,110250,1003,55,2,1,1,2,1,2,4,2,1,2,4,3,0,1,1,1, , ,1, , ,1,1,1,2,1,100,2,2,2,2, ,2, , , , , , , , , , , , , ,1112,"296,010302705383",110250001003,11025000100305502,110250001003055021,202602,11,Urbana,3-4 cuartos,1 dormitorio
1,110250,1003,55,3,1,1,1,1,1,2,1,1,1,4,2,0,1,1,1, , ,1, , ,1,1,1,2,5,150, , , ,1,1,2, ,2, ,2, ,2, ,1,40,2, ,2, ,1112,"296,010302705383",110250001003,11025000100305503,110250001003055031,202602,11,Urbana,3-4 cuartos,1 dormitorio
1,110250,1003,55,4,1,1,1,2,3,4,3,3,3,3,2,0,1,1,1, , ,1, , ,1,1,1,2,4,100, , , ,2, ,2, , , , , , , , , , , , , ,1112,"296,010302705383",110250001003,11025000100305504,110250001003055041,202602,11,Urbana,3-4 cuartos,3 dormitorios
1,110250,1003,55,5,1,1,2,1,2,4,2,1,1,3,1,0,1,1,1, , ,1, , ,1,1,1,2,4,200, , , ,1,1,2, ,2, ,2, ,2, ,1,40,2, ,2, ,1112,"296,010302705383",110250001003,11025000100305505,110250001003055051,202602,11,Urbana,3-4 cuartos,1 dormitorio
1,110250,1003,55,7,1,1,2,1,1,2,2,1,2,4,3,0,1,1,1, , ,1, , ,1,1,1,2,1,140,1,1,2,1,1,2, ,2, ,2, ,1,0,2, ,2, ,2, ,1112,"296,010302705383",110250001003,11025000100305507,110250001003055071,202602,11,Urbana,3-4 cuartos,1 dormitorio
1,110250,1003,55,8,1,1,1,1,1,1,1,1,1,4,3,0,1,1,1, , ,1, , ,1,1,1,2,1,280,1,1,1,2, ,2, , , , , , , , , , , , , ,1112,"296,010302705383",110250001003,11025000100305508,110250001003055081,202602,11,Urbana,3-4 cuartos,1 dormitorio
1,110250,1404,63,1,1,1,1,1,1,2,1,1,1,4,3,0,1,1,1, , ,1, , ,1,1,1,2,5,120, , , ,2, ,2, , , , , , , , , , , , , ,1111,"116,405678781126",110250001404,11025000140406301,110250001404063011,202602,11,Urbana,3-4 cuartos,1 dormitorio
1,110250,1404,63,2,1,1,1,1,1,4,2,1,1,8,5,0,1,1,1, , ,1, , ,1,1,1,2,4,200, , , ,2, ,2, , , , , , , , , , , , , ,1111,"116,405678781126",110250001404,11025000140406302,110250001404063021,202602,11,Urbana,5 o más cuartos,1 dormitorio
1,110250,1404,63,4,1,1,3,1,1,4,2,1,1,2,1,0,1,1,1, , ,1, , ,1,2,1,2,1,70,2,2,1,2, ,2, , , , , , , , , , , , , ,1111,"116,405678781126",110250001404,11025000140406304,110250001404063041,202602,11,Urbana,1-2 cuartos,1 dormitorio
1,110250,1404,63,5,1,1,2,1,1,1,1,1,2,3,2,0,1,1,1, , ,1, , ,1,1,1,2,1,120,2,2,2,2, ,2, , , , , , , , , , , , , ,1111,"116,405678781126",110250001404,11025000140406305,110250001404063051,202602,11,Urbana,3-4 cuartos,1 dormitorio
1,110250,1404,63,6,1,1,3,2,2,2,2,1,1,1,0,0,2,1,1, , ,1, , ,2,2,1,2,1,45,1,1,2,2, ,2, , , , , , , , , , , , , ,1111,"116,405678781126",110250001404,11025000140406306,110250001404063061,202602,11,Urbana,1-2 cuartos,1 dormitorio
1,110250,1404,63,7,1,1,1,3,1,2,1,1,1,7,5,0,1,1,1, , ,1, , ,1,1,1,2,4,500, , , ,1,1,2, ,2, ,2, ,1,40,2, ,2, ,2, ,1111,"116,405678781126",110250001404,11025000140406307,110250001404063071,202602,11,Urbana,5 o más cuartos,1 dormitorio
1,110250,1404,63,8,1,1,1,2,2,4,1,3,1,4,2,0,1,1,1, , ,1, , ,1,1,1,2,4,100, , , ,2, ,2, , , , , , , , , , , , , ,1111,"116,405678781126",110250001404,11025000140406308,110250001404063081,202602,11,Urbana,3-4 cuartos,3 dormitorios
1,110250,2006,81,1,1,1,4,2,2,5,2,1,1,2,1,0,1,1,1, , ,1, , ,1,1,1,2,4,80, , , ,2, ,2, , , , , , , , , , , , , ,1112,"244,503856837778",110250002006,11025000200608101,110250002006081011,202602,11,Urbana,1-2 cuartos,1 dormitorio
1,110250,2006,81,2,1,1,2,1,2,2,2,1,2,3,2,0,1,1,1, , ,1, , ,1,1,1,2,5,100, , , ,2, ,2, , , , , , , , , , , , , ,1112,"244,503856837778",110250002006,11025000200608102,110250002006081021,202602,11,Urbana,3-4 cuartos,1 dormitorio
1,110250,2006,81,3,1,1,1,3,1,2,1,1,2,4,3,0,1,1,1, , ,1, , ,1,1,1,2,3,180, , , ,1,1,2, ,2, ,2, ,2, ,1,70,2, ,2, ,1112,"244,503856837778",110250002006,11025000200608103,110250002006081031,202602,11,Urbana,3-4 cuartos,1 dormitorio
1,110250,2006,81,4,1,1,1,2,3,2,2,1,2,3,2,0,1,1,1, , ,1, , ,1,1,1,2,4,50, , , ,2, ,2, , , , , , , , , , , , , ,1112,"244,503856837778",110250002006,11025000200608104,110250002006081041,202602,11,Urbana,3-4 cuartos,1 dormitorio
1,110250,2006,81,6,1,1,1,1,2,2,1,1,1,5,3,0,1,1,1, , ,1, , ,1,1,1,2,4,150, , , ,1,1,2, ,2, ,2, ,2, ,1,20,2, ,2, ,1112,"244,503856837778",110250002006,11025000200608106,110250002006081061,202602,11,Urbana,5 o más cuartos,1 dormitorio
1,110250,2006,81,9,1,1,1,2,2,2,2,1,2,3,2,0,1,1,1, , ,1, , ,1,1,1,2,1,160,2,2,2,2, ,2, , , , , , , , , , , , , ,1112,"244,503856837778",110250002006,11025000200608109,110250002006081091,202602,11,Urbana,3-4 cuartos,1 dormitorio
1,110350,405,81,2,1,1,1,3,3,4,3,3,3,4,2,0,1,1,1, , ,1, , ,1,1,1,2,1,50,2,2,1,1,1,2, ,2, ,2, ,2, ,1,20,2, ,2, ,1111,"214,673572143016",110350000405,11035000040508102,110350000405081021,202602,11,Urbana,3-4 cuartos,3 dormitorios
1,110350,405,81,4,1,3,2,3,1,4,1,1,1,1,1,0,1,1,1, , ,1, , ,1,1,1,2,1,70,2,2,2,2, ,2, , , , , , , , , , , , , ,1111,"214,673572143016",110350000405,11035000040508104,110350000405081041,202602,11,Urbana,1-2 cuartos,1 dormitorio
1,110350,405,81,5,1,1,1,4,3,4,3,1,3,2,2,0,1,1,1, , ,1, , ,2,1,1,2,1,20,2,2,1,2, ,2, , , , , , , , , , , , , ,1111,"214,673572143016",110350000405,11035000040508105,110350000405081051,202602,11,Urbana,1-2 cuartos,1 dormitorio
1,110350,405,81,6,1,1,3,4,1,4,2,3,1,3,2,0,1,1,1, , ,1, , ,2,2,1,2,4,250, , , ,2, ,2, , , , , , , , , , , , , ,1111,"214,673572143016",110350000405,11035000040508106,110350000405081061,202602,11,Urbana,3-4 cuartos,3 dormitorios
1,110350,405,81,7,1,1,2,1,1,2,1,1,1,4,3,0,1,1,1, , ,1, , ,1,1,1,2,5,120, , , ,2, ,2, , , , , , , , , , , , , ,1111,"214,673572143016",110350000405,11035000040508107,110350000405081071,202602,11,Urbana,3-4 cuartos,1 dormitorio
1,110350,405,81,10,1,3,2,3,2,4,2,1,2,1,1,0,1,1,1, , ,1, , ,1,1,1,2,1,80,1,1,2,2, ,2, , , , , , , , , , , , , ,1111,"214,673572143016",110350000405,11035000040508110,110350000405081101,202602,11,Urbana,1-2 cuartos,1 dormitorio
1,110350,2706,63,1,1,1,1,1,1,2,3,1,3,4,3,0,1,1,1, , ,1, , ,1,1,1,2,4,100, , , ,2, ,2, , , , , , , , , , , , , ,1111,"437,575757086712",110350002706,11035000270606301,110350002706063011,202602,11,Urbana,3-4 cuartos,1 dormitorio
1,110350,2706,63,3,1,1,2,1,1,2,1,1,1,4,3,0,1,1,1, , ,1, , ,1,1,1,2,1,160,2,2,2,1,1,2, ,2, ,2, ,2, ,1,60,2, ,2, ,1111,"437,575757086712",110350002706,11035000270606303,110350002706063031,202602,11,Urbana,3-4 cuartos,1 dormitorio
1,110350,2706,63,4,1,3,4,3,2,5,1,1,2,2,2,0,1,1,1, , ,1, , ,1,1,1,2,1,150,2,2,2,2, ,2, , , , , , , , , , , , , ,1111,"437,575757086712",110350002706,11035000270606304,110350002706063041,202602,11,Urbana,1-2 cuartos,1 dormitorio
1,110350,2706,63,5,1,1,1,1,1,2,2,1,1,4,3,1,1,1,1, , ,1, , ,1,1,1,2,4,250, , , ,1,1,2, ,2, ,2, ,2, ,1,80,2, ,2, ,1111,"437,575757086712",110350002706,11035000270606305,110350002706063051,202602,11,Urbana,3-4 cuartos,1 dormitorio
1,110350,2706,63,6,1,1,3,3,2,4,2,1,2,3,2,0,1,1,1, , ,1, , ,1,2,1,2,4,100, , , ,2, ,2, , , , , , , , , , , , , ,1111,"437,575757086712",110350002706,11035000270606306,110350002706063061,202602,11,Urbana,3-4 cuartos,1 dormitorio
1,110350,2706,63,7,1,1,1,1,1,2,1,1,2,4,3,0,1,1,1, , ,1, , ,1,1,1,2,4,120, , , ,2, ,2, , , , , , , , , , , , , ,1111,"437,575757086712",110350002706,11035000270606307,110350002706063071,202602,11,Urbana,3-4 cuartos,1 dormitorio
1,110350,2706,63,10,1,1,2,1,3,1,3,1,2,2,2,0,1,1,1, , ,1, , ,1,1,1,2,5,300, , , ,2, ,2, , , , , , , , , , , , , ,1111,"437,575757086712",110350002706,11035000270606310,110350002706063101,202602,11,Urbana,1-2 cuartos,1 dormitorio
1,110350,3003,75,1,1,1,3,4,3,4,3,3,3,2,2,0,1,1,1, , ,1, , ,1,2,1,2,1,60,2,2,2,2, ,2, , , , , , , , , , , , , ,1112,"446,713126103761",110350003003,11035000300307501,110350003003075011,202602,11,Urbana,1-2 cuartos,3 dormitorios
1,110350,3003,75,2,1,1,2,1,1,2,2,1,2,2,1,0,1,1,1, , ,1, , ,1,1,1,2,4,200, , , ,1,1,2, ,2, ,2, ,1,50,2, ,2, ,2, ,1112,"446,713126103761",110350003003,11035000300307502,110350003003075021,202602,11,Urbana,1-2 cuartos,1 dormitorio
1,110350,3003,75,3,1,3,2,3,2,4,2,1,2,1,1,0,1,1,1, , ,1, , ,1,1,1,2,1,80,1,1,2,2, ,2, , , , , , , , , , , , , ,1112,"446,713126103761",110350003003,11035000300307503,110350003003075031,202602,11,Urbana,1-2 cuartos,1 dormitorio
1,110350,3003,75,5,1,3,1,3,1,4,1,1,1,5,3,0,1,1,1, , ,1, , ,1,1,1,2,4,150, , , ,2, ,2, , , , , , , , , , , , , ,1112,"446,713126103761",110350003003,11035000300307505,110350003003075051,202602,11,Urbana,5 o más cuartos,1 dormitorio
1,110350,3003,75,6,1,1,1,1,1,2,1,1,1,4,3,0,1,1,1, , ,1, , ,1,1,1,2,4,200, , , ,1,1,2, ,2, ,2, ,1,60,2, ,2, ,2, ,1112,"446,713126103761",110350003003,11035000300307506,110350003003075061,202602,11,Urbana,3-4 cuartos,1 dormitorio
1,110350,3003,75,7,1,3,2,1,1,2,2,1,2,5,3,0,1,1,1, , ,1, , ,1,1,1,2,1,150,1,1,1,2, ,2, , , , , , , , , , , , , ,1112,"446,713126103761",110350003003,11035000300307507,110350003003075071,202602,11,Urbana,5 o más cuartos,1 dormitorio
1,110350,3003,75,8,1,1,2,4,2,4,2,3,3,4,3,1,1,1,1, , ,1, , ,1,1,1,2,1,80,2,2,2,2, ,2, , , , , , , , , , , , , ,1112,"446,713126103761",110350003003,11035000300307508,110350003003075081,202602,11,Urbana,3-4 cuartos,3 dormitorios
2,110353,202,75,1,1,1,2,1,1,2,1,1,1,3,2,0,1,1,1, , ,1, , ,1,1,1,2,5,200, , , ,2, ,2, , , , , , , , , , , , , ,1123,"257,126940916801",110353000202,11035300020207501,110353000202075011,202602,11,Rural,3-4 cuartos,1 dormitorio
2,110353,202,75,2,1,3,1,3,2,2,1,1,1,2,1,0,1,1,1, , ,1, , ,1,1,1,2,4,150, , , ,2, ,2, , , , , , , , , , , , , ,1123,"257,126940916801",110353000202,11035300020207502,110353000202075021,202602,11,Rural,1-2 cuartos,1 dormitorio
2,110353,202,75,3,1,3,2,1,1,2,1,1,1,3,2,0,1,1,1, , ,1, , ,1,1,1,2,1,80,2,2,2,2, ,2, , , , , , , , , , , , , ,1123,"257,126940916801",110353000202,11035300020207503,110353000202075031,202602,11,Rural,3-4 cuartos,1 dormitorio
2,110353,202,75,4,1,1,1,3,2,4,2,1,1,3,2,0,1,1,1, , ,1, , ,1,1,1,2,5,120, , , ,2, ,2, , , , , , , , , , , , , ,1123,"257,126940916801",110353000202,11035300020207504,110353000202075041,202602,11,Rural,3-4 cuartos,1 dormitorio
2,110353,202,75,5,1,3,1,3,1,2,1,3,1,4,3,0,1,1,1, , ,1, , ,1,1,1,2,4,200, , , ,2, ,2, , , , , , , , , , , , , ,1123,"257,126940916801",110353000202,11035300020207505,110353000202075051,202602,11,Rural,3-4 cuartos,3 dormitorios
2,110353,202,75,6,1,3,1,4,2,4,2,3,2,4,3,0,1,1,1, , ,1, , ,1,1,1,2,4,150, , , ,2, ,2, , , , , , , , , , , , , ,1123,"257,126940916801",110353000202,11035300020207506,110353000202075061,202602,11,Rural,3-4 cuartos,3 dormitorios
2,110353,202,75,7,1,3,4,4,2,4,2,3,2,1,1,0,1,1,1, , ,1, , ,1,1,1,2,4,100, , , ,2, ,2, , , , , , , , , , , , , ,1123,"257,126940916801",110353000202,11035300020207507,110353000202075071,202602,11,Rural,1-2 cuartos,3 dormitorios
2,110550,900203,55,1,1,3,1,4,2,5,2,1,2,2,2,0,1,1,1, , ,1, , ,1,1,1,4,5,50, , , ,2, ,2, , , , , , , , , , , , , ,1122,"133,363990809709",110550900203,11055090020305501,110550900203055011,202602,11,Rural,1-2 cuartos,1 dormitorio
2,110550,900203,55,3,1,1,4,3,2,5,2,1,2,1,1,0,1,1,1, , ,1, , ,1,1,1,2,4,60, , , ,2, ,2, , , , , , , , , , , , , ,1122,"133,363990809709",110550900203,11055090020305503,110550900203055031,202602,11,Rural,1-2 cuartos,1 dormitorio
2,110550,900203,55,4,1,3,1,3,2,4,2,1,2,3,2,0,1,1,2, , ,1, , ,1,1,1,2,4,100, , , ,2, ,2, , , , , , , , , , , , , ,1122,"133,363990809709",110550900203,11055090020305504,110550900203055041,202602,11,Rural,3-4 cuartos,1 dormitorio
2,110550,900203,55,5,1,3,1,3,1,4,1,1,1,4,4,0,1,1,2, , ,1, , ,1,1,1,2,4,100, , , ,2, ,2, , , , , , , , , , , , , ,1122,"133,363990809709",110550900203,11055090020305505,110550900203055051,202602,11,Rural,3-4 cuartos,1 dormitorio
2,110550,900203,55,6,1,1,1,2,2,5,2,1,2,2,1,0,1,1,1, , ,1, , ,1,1,1,2,4,100, , , ,2, ,2, , , , , , , , , , , , , ,1122,"133,363990809709",110550900203,11055090020305506,110550900203055061,202602,11,Rural,1-2 cuartos,1 dormitorio
2,110550,900203,55,7,1,3,1,2,2,5,2,1,2,1,0,0,2,1,2, , ,1, , ,1,1,1,4,5,60, , , ,2, ,2, , , , , , , , , , , , , ,1122,"133,363990809709",110550900203,11055090020305507,110550900203055071,202602,11,Rural,1-2 cuartos,1 dormitorio
2,110550,900203,55,9,1,3,1,2,2,4,2,1,2,1,0,0,1,1,1, , ,1, , ,1,1,1,2,4,50, , , ,2, ,2, , , , , , , , , , , , , ,1122,"133,363990809709",110550900203,11055090020305509,110550900203055091,202602,11,Rural,1-2 cuartos,1 dormitorio
2,110654,900401,75,1,1,4,1,4,2,7,3,3,2,3,3,0,1,1,2, , ,1, , ,1,1,1,4,4,30, , , ,2, ,2, , , , , , , , , , , , , ,1122,"503,285054641823",110654900401,11065490040107501,110654900401075011,202602,11,Rural,3-4 cuartos,3 dormitorios
2,110654,900401,75,2,1,1,5,2,2,5,2,4,2,3,3,0,1,1,1, , ,1, , ,1,1,1,2,4,40, , , ,2, ,2, , , , , , , , , , , , , ,1122,"503,285054641823",110654900401,11065490040107502,110654900401075021,202602,11,Rural,3-4 cuartos,4 o más dormitorios
2,110654,900401,75,3,1,3,1,1,2,2,2,1,2,7,4,0,1,1,2, , ,1, , ,1,1,1,2,5,150, , , ,1,1,1,1,2, ,2, ,2, ,1,100,2, ,2, ,1122,"503,285054641823",110654900401,11065490040107503,110654900401075031,202602,11,Rural,5 o más cuartos,1 dormitorio
2,110654,900401,75,4,1,4,4,4,2,4,2,1,2,2,2,0,1,1,2, , ,1, , ,2,3,1,2,4,20, , , ,2, ,2, , , , , , , , , , , , , ,1122,"503,285054641823",110654900401,11065490040107504,110654900401075041,202602,11,Rural,1-2 cuartos,1 dormitorio
2,110654,900401,75,5,1,3,1,1,2,4,2,1,2,5,4,0,1,2,2, , ,1, , ,1,1,1,4,4,50, , , ,2, ,2, , , , , , , , , , , , , ,1122,"503,285054641823",110654900401,11065490040107505,110654900401075051,202602,11,Rural,5 o más cuartos,1 dormitorio
2,110654,900401,75,6,1,3,1,4,2,7,3,3,2,2,2,0,1,1,2, , ,1, , ,2,1,1,2,4,50, , , ,2, ,2, , , , , , , , , , , , , ,1122,"503,285054641823",110654900401,11065490040107506,110654900401075061,202602,11,Rural,1-2 cuartos,3 dormitorios
2,110654,900401,75,8,1,1,1,2,3,4,2,1,1,3,2,0,1,1,1, , ,1, , ,2,3,1,2,5,50, , , ,2, ,2, , , , , , , , , , , , , ,1122,"503,285054641823",110654900401,11065490040107508,110654900401075081,202602,11,Rural,3-4 cuartos,1 dormitorio
1,110850,602,75,1,1,1,1,1,2,4,2,1,1,4,3,0,1,1,1, , ,1, , ,1,1,1,2,4,150, , , ,1,1,2, ,2, ,2, ,2, ,1,60,2, ,2, ,1111,"173,325845862783",110850000602,11085000060207501,110850000602075011,202602,11,Urbana,3-4 cuartos,1 dormitorio
1,110850,602,75,2,1,1,1,4,2,4,2,1,1,3,2,0,1,1,1, , ,1, , ,1,1,1,2,4,80, , , ,2, ,2, , , , , , , , , , , , , ,1111,"173,325845862783",110850000602,11085000060207502,110850000602075021,202602,11,Urbana,3-4 cuartos,1 dormitorio
1,110850,602,75,3,1,1,1,3,2,4,2,1,2,3,2,0,1,1,1, , ,1, , ,1,1,1,2,1,150,2,2,2,2, ,2, , , , , , , , , , , , , ,1111,"173,325845862783",110850000602,11085000060207503,110850000602075031,202602,11,Urbana,3-4 cuartos,1 dormitorio
1,110850,602,75,4,1,1,1,2,2,2,1,1,1,2,1,0,1,1,1, , ,1, , ,1,1,1,2,4,120, , , ,2, ,2, , , , , , , , , , , , , ,1111,"173,325845862783",110850000602,11085000060207504,110850000602075041,202602,11,Urbana,1-2 cuartos,1 dormitorio
1,110850,602,75,6,1,1,1,3,3,4,2,1,2,4,3,0,1,1,1, , ,1, , ,1,1,1,2,4,200, , , ,1,1,2, ,2, ,2, ,2, ,1,30,2, ,2, ,1111,"173,325845862783",110850000602,11085000060207506,110850000602075061,202602,11,Urbana,3-4 cuartos,1 dormitorio
1,110850,602,75,7,1,1,2,1,2,4,2,1,2,2,1,0,1,1,1, , ,1, , ,1,1,1,2,1,100,1,1,1,2, ,1,1,2, ,2, ,2, ,1,12,2, ,2, ,1111,"173,325845862783",110850000602,11085000060207507,110850000602075071,202602,11,Urbana,1-2 cuartos,1 dormitorio
1,110850,602,75,8,1,1,3,2,2,4,2,1,2,3,2,0,1,1,1, , ,1, , ,1,2,1,2,4,100, , , ,2, ,2, , , , , , , , , , , , , ,1111,"173,325845862783",110850000602,11085000060207508,110850000602075081,202602,11,Urbana,3-4 cuartos,1 dormitorio
1,110850,1205,55,1,1,1,1,2,2,2,1,1,1,3,2,0,1,1,1, , ,1, , ,1,1,1,2,4,80, , , ,2, ,1,1,2, ,2, ,2, ,1,10,2, ,2, ,1111,"60,969644121122",110850001205,11085000120505501,110850001205055011,202602,11,Urbana,3-4 cuartos,1 dormitorio
1,110850,1205,55,2,1,1,1,2,1,4,2,3,2,3,2,0,1,1,1, , ,1, , ,1,1,1,2,4,120, , , ,2, ,2, , , , , , , , , , , , , ,1111,"60,969644121122",110850001205,11085000120505502,110850001205055021,202602,11,Urbana,3-4 cuartos,3 dormitorios
1,110850,1205,55,3,1,1,4,3,2,7,3,1,2,2,2,0,2,1,3, , ,1, , ,2,2,1,2,4,50, , , ,2, ,2, , , , , , , , , , , , , ,1111,"60,969644121122",110850001205,11085000120505503,110850001205055031,202602,11,Urbana,1-2 cuartos,1 dormitorio
1,110850,1205,55,4,1,1,1,2,2,4,2,1,2,2,1,0,1,1,2, , ,1, , ,1,1,1,2,4,100, , , ,2, ,2, , , , , , , , , , , , , ,1111,"60,969644121122",110850001205,11085000120505504,110850001205055041,202602,11,Urbana,1-2 cuartos,1 dormitorio
1,110850,1205,55,5,1,3,3,3,2,7,3,1,2,1,0,0,2,1,1, , ,1, , ,2,2,1,2,4,30, , , ,2, ,2, , , , , , , , , , , , , ,1111,"60,969644121122",110850001205,11085000120505505,110850001205055051,202602,11,Urbana,1-2 cuartos,1 dormitorio
1,110850,1205,55,6,1,1,1,3,3,7,3,3,3,1,1,0,1,1,1, , ,1, , ,1,1,1,2,1,120,2,2,2,2, ,2, , , , , , , , , , , , , ,1111,"60,969644121122",110850001205,11085000120505506,110850001205055061,202602,11,Urbana,1-2 cuartos,3 dormitorios
1,110850,1205,55,7,1,1,1,2,2,4,2,3,2,2,2,0,1,1,1, , ,1, , ,1,1,1,2,4,80, , , ,2, ,2, , , , , , , , , , , , , ,1111,"60,969644121122",110850001205,11085000120505507,110850001205055071,202602,11,Urbana,1-2 cuartos,3 dormitorios
2,110950,900102,63,1,1,3,1,4,3,7,3,3,3,2,2,0,1,1,2, , ,1, , ,1,1,1,2,4,50, , , ,2, ,2, , , , , , , , , , , , , ,1122,"336,852959597738",110950900102,11095090010206301,110950900102063011,202602,11,Rural,1-2 cuartos,3 dormitorios
2,110950,900102,63,2,1,3,1,3,2,4,2,1,2,3,2,0,1,1,2, , ,1, , ,2,1,1,2,4,100, , , ,2, ,2, , , , , , , , , , , , , ,1122,"336,852959597738",110950900102,11095090010206302,110950900102063021,202602,11,Rural,3-4 cuartos,1 dormitorio
2,110950,900102,63,3,1,3,1,2,1,4,1,1,1,3,2,0,1,1,2, , ,1, , ,1,1,1,2,4,100, , , ,2, ,2, , , , , , , , , , , , , ,1122,"336,852959597738",110950900102,11095090010206303,110950900102063031,202602,11,Rural,3-4 cuartos,1 dormitorio
2,110950,900102,63,4,1,3,1,4,2,7,3,1,2,3,2,0,1,1,2, , ,1, , ,2,1,1,4,4,100, , , ,2, ,2, , , , , , , , , , , , , ,1122,"336,852959597738",110950900102,11095090010206304,110950900102063041,202602,11,Rural,3-4 cuartos,1 dormitorio
2,110950,900102,63,5,1,3,1,2,2,2,1,1,2,3,2,0,1,1,2, , ,1, , ,1,1,1,2,4,40, , , ,2, ,2, , , , , , , , , , , , , ,1122,"336,852959597738",110950900102,11095090010206305,110950900102063051,202602,11,Rural,3-4 cuartos,1 dormitorio
2,110950,900102,63,6,1,3,1,2,2,2,2,1,2,3,2,0,1,1,2, , ,1, , ,1,1,1,2,4,100, , , ,2, ,2, , , , , , , , , , , , , ,1122,"336,852959597738",110950900102,11095090010206306,110950900102063061,202602,11,Rural,3-4 cuartos,1 dormitorio
2,110950,900102,63,7,1,3,1,3,2,4,2,1,2,2,1,0,1,1,2, , ,1, , ,1,1,1,4,4,100, , , ,2, ,2, , , , , , , , , , , , , ,1122,"336,852959597738",110950900102,11095090010206307,110950900102063071,202602,11,Rural,1-2 cuartos,1 dormitorio
2,110950,901401,63,1,1,1,1,4,2,4,2,3,2,3,2,0,1,1,1, , ,1, , ,2,1,1,2,4,50, , , ,2, ,2, , , , , , , , , , , , , ,1121,"423,883785966004",110950901401,11095090140106301,110950901401063011,202602,11,Rural,3-4 cuartos,3 dormitorios
2,110950,901401,63,2,1,1,1,4,1,1,2,3,2,5,4,0,1,1,1, , ,1, , ,1,1,1,2,4,120, , , ,1,2,2, ,2, ,2, ,1,40,2, ,2, ,2, ,1121,"423,883785966004",110950901401,11095090140106302,110950901401063021,202602,11,Rural,5 o más cuartos,3 dormitorios
2,110950,901401,63,3,1,4,1,3,1,5,2,3,3,3,3,0,1,1,2, , ,3,2,2,2,1,2,4,4,80, , , ,2, ,2, , , , , , , , , , , , , ,1121,"423,883785966004",110950901401,11095090140106303,110950901401063031,202602,11,Rural,3-4 cuartos,3 dormitorios
2,110950,901401,63,4,1,3,1,2,1,2,2,1,1,3,2,0,1,1,1, , ,1, , ,1,1,1,2,4,150, , , ,2, ,2, , , , , , , , , , , , , ,1121,"423,883785966004",110950901401,11095090140106304,110950901401063041,202602,11,Rural,3-4 cuartos,1 dormitorio
2,110950,901401,63,5,1,3,1,4,2,5,2,3,2,3,2,0,1,1,1, , ,1, , ,1,1,1,4,4,80, , , ,2, ,2, , , , , , , , , , , , , ,1121,"423,883785966004",110950901401,11095090140106305,110950901401063051,202602,11,Rural,3-4 cuartos,3 dormitorios
2,110950,901401,63,7,1,1,1,4,2,4,2,1,2,1,1,0,1,1,3, , ,1, , ,2,3,1,4,5,70, , , ,2, ,1,1,2, ,2, ,2, ,1,20,2, ,2, ,1121,"423,883785966004",110950901401,11095090140106307,110950901401063071,202602,11,Rural,1-2 cuartos,1 dormitorio
2,110952,900502,55,1,1,3,1,3,2,4,2,3,2,2,1,0,1,1,2, , ,1, , ,2,1,1,2,4,30, , , ,2, ,1,1,2, ,2, ,2, ,1,20,2, ,2, ,1121,"211,219321304813",110952900502,11095290050205501,110952900502055011,202602,11,Rural,1-2 cuartos,3 dormitorios
2,110952,900502,55,2,1,3,1,3,2,7,3,3,3,2,1,0,1,1,2, , ,1, , ,1,1,1,4,4,50, , , ,2, ,2, , , , , , , , , , , , , ,1121,"211,219321304813",110952900502,11095290050205502,110952900502055021,202602,11,Rural,1-2 cuartos,3 dormitorios
2,110952,900502,55,3,1,3,1,3,3,7,3,3,3,2,2,0,1,1,2, , ,1, , ,2,1,1,4,5,50, , , ,2, ,2, , , , , , , , , , , , , ,1121,"211,219321304813",110952900502,11095290050205503,110952900502055031,202602,11,Rural,1-2 cuartos,3 dormitorios
2,110952,900502,55,4,1,3,1,4,3,7,3,3,3,1,0,0,1,1,2, , ,1, , ,1,1,1,4,4,50, , , ,2, ,2, , , , , , , , , , , , , ,1121,"211,219321304813",110952900502,11095290050205504,110952900502055041,202602,11,Rural,1-2 cuartos,3 dormitorios
2,110952,900502,55,5,1,3,1,4,2,4,2,3,2,2,2,0,1,2,2, , ,3,2,2,2,1,1,4,4,40, , , ,2, ,2, , , , , , , , , , , , , ,1121,"211,219321304813",110952900502,11095290050205505,110952900502055051,202602,11,Rural,1-2 cuartos,3 dormitorios
2,110952,900502,55,6,1,3,1,4,3,7,3,3,3,1,1,0,1,2,2, , ,1, , ,2,1,3,4,4,50, , , ,2, ,2, , , , , , , , , , , , , ,1121,"211,219321304813",110952900502,11095290050205506,110952900502055061,202602,11,Rural,1-2 cuartos,3 dormitorios
2,110952,900502,55,7,1,3,1,4,2,7,3,3,2,3,2,0,1,1,2, , ,1, , ,2,1,1,4,4,70, , , ,2, ,2, , , , , , , , , , , , , ,1121,"211,219321304813",110952900502,11095290050205507,110952900502055071,202602,11,Rural,3-4 cuartos,3 dormitorios
2,111051,201,63,1,1,3,1,3,2,4,2,3,2,5,4,0,1,1,2, , ,1, , ,1,1,1,2,5,50, , , ,2, ,2, , , , , , , , , , , , , ,1123,"493,017724183176",111051000201,11105100020106301,111051000201063011,202602,11,Rural,5 o más cuartos,3 dormitorios
2,111051,201,63,2,1,4,1,2,1,2,1,1,1,5,4,0,1,1,2, , ,1, , ,1,1,1,2,4,150, , , ,2, ,2, , , , , , , , , , , , , ,1123,"493,017724183176",111051000201,11105100020106302,111051000201063021,202602,11,Rural,5 o más cuartos,1 dormitorio
2,111051,201,63,3,1,3,1,3,2,4,2,1,2,5,4,0,1,1,2, , ,1, , ,1,1,1,2,4,100, , , ,2, ,1,1,2, ,2, ,2, ,1,10,2, ,2, ,1123,"493,017724183176",111051000201,11105100020106303,111051000201063031,202602,11,Rural,5 o más cuartos,1 dormitorio
2,111051,201,63,4,1,1,1,1,1,2,1,1,1,4,3,0,1,1,1, , ,1, , ,1,1,1,2,4,100, , , ,1,1,2, ,2, ,2, ,2, ,1,40,2, ,2, ,1123,"493,017724183176",111051000201,11105100020106304,111051000201063041,202602,11,Rural,3-4 cuartos,1 dormitorio
2,111051,201,63,5,1,3,1,3,2,4,2,1,2,3,2,0,1,1,2, , ,1, , ,1,1,1,2,4,60, , , ,2, ,2, , , , , , , , , , , , , ,1123,"493,017724183176",111051000201,11105100020106305,111051000201063051,202602,11,Rural,3-4 cuartos,1 dormitorio
2,111051,201,63,6,1,3,1,4,2,4,2,1,2,4,3,0,1,1,2, , ,1, , ,1,1,1,2,4,70, , , ,2, ,2, , , , , , , , , , , , , ,1123,"493,017724183176",111051000201,11105100020106306,111051000201063061,202602,11,Rural,3-4 cuartos,1 dormitorio
2,111051,201,63,7,1,3,1,3,2,2,2,1,2,4,3,0,1,1,2, , ,1, , ,1,1,1,2,4,50, , , ,2, ,1,1,2, ,2, ,2, ,1,20,2, ,2, ,1123,"493,017724183176",111051000201,11105100020106307,111051000201063071,202602,11,Rural,3-4 cuartos,1 dormitorio
2,111150,901001,81,1,1,3,1,4,1,1,1,3,2,3,2,0,1,2,2, , ,1, , ,1,1,1,2,4,50, , , ,2, ,2, , , , , , , , , , , , , ,1122,"381,342681598568",111150901001,11115090100108101,111150901001081011,202602,11,Rural,3-4 cuartos,3 dormitorios
2,111150,901001,81,2,1,4,1,4,2,4,2,5,2,3,2,1,1,1,2, , ,1, , ,1,1,1,2,4,100, , , ,1,1,1,1,2, ,2, ,2, ,1,40,2, ,2, ,1122,"381,342681598568",111150901001,11115090100108102,111150901001081021,202602,11,Rural,3-4 cuartos,4 o más dormitorios
2,111150,901001,81,3,1,4,1,4,2,7,3,3,2,4,3,0,1,1,2, , ,1, , ,1,1,1,2,4,150, , , ,2, ,2, , , , , , , , , , , , , ,1122,"381,342681598568",111150901001,11115090100108103,111150901001081031,202602,11,Rural,3-4 cuartos,3 dormitorios
2,111150,901001,81,4,1,4,1,4,2,7,3,3,2,3,2,0,1,1,2, , ,1, , ,2,1,1,2,4,60, , , ,2, ,2, , , , , , , , , , , , , ,1122,"381,342681598568",111150901001,11115090100108104,111150901001081041,202602,11,Rural,3-4 cuartos,3 dormitorios
2,111150,901001,81,6,1,3,1,4,2,1,2,1,2,5,3,0,1,1,2, , ,1, , ,1,1,1,2,4,100, , , ,2, ,2, , , , , , , , , , , , , ,1122,"381,342681598568",111150901001,11115090100108106,111150901001081061,202602,11,Rural,5 o más cuartos,1 dormitorio
2,111150,901001,81,7,1,4,1,4,1,5,2,3,2,2,1,0,1,1,4, , ,1, , ,1,1,1,2,4,150, , , ,2, ,1,1,2, ,2, ,2, ,1,15,2, ,2, ,1122,"381,342681598568",111150901001,11115090100108107,111150901001081071,202602,11,Rural,1-2 cuartos,3 dormitorios
2,111150,901001,81,8,1,3,1,4,2,1,2,3,2,4,3,0,1,1,2, , ,1, , ,1,1,1,2,4,60, , , ,2, ,2, , , , , , , , , , , , , ,1122,"381,342681598568",111150901001,11115090100108108,111150901001081081,202602,11,Rural,3-4 cuartos,3 dormitorios
2,111151,900501,81,2,1,1,1,4,2,4,2,1,2,2,2,0,1,2,2, , ,1, , ,1,1,1,2,4,200, , , ,2, ,2, , , , , , , , , , , , , ,1121,"237,208647925498",111151900501,11115190050108102,111151900501081021,202602,11,Rural,1-2 cuartos,1 dormitorio
2,111151,900501,81,3,1,3,1,4,2,4,2,1,1,3,2,0,1,1,2, , ,1, , ,2,1,1,2,4,50, , , ,2, ,2, , , , , , , , , , , , , ,1121,"237,208647925498",111151900501,11115190050108103,111151900501081031,202602,11,Rural,3-4 cuartos,1 dormitorio
2,111151,900501,81,4,1,1,1,2,2,4,2,1,2,4,3,1,1,1,2, , ,1, , ,1,1,1,2,4,150, , , ,2, ,2, , , , , , , , , , , , , ,1121,"237,208647925498",111151900501,11115190050108104,111151900501081041,202602,11,Rural,3-4 cuartos,1 dormitorio
2,111151,900501,81,5,1,3,1,4,3,5,2,3,3,1,1,0,1,1,2, , ,3,2,2,2,1,1,4,4,30, , , ,2, ,2, , , , , , , , , , , , , ,1121,"237,208647925498",111151900501,11115190050108105,111151900501081051,202602,11,Rural,1-2 cuartos,3 dormitorios
2,111151,900501,81,7,1,4,1,4,2,7,3,3,3,1,1,0,1,1,2, , ,3,2,2,2,1,1,4,4,30, , , ,2, ,2, , , , , , , , , , , , , ,1121,"237,208647925498",111151900501,11115190050108107,111151900501081071,202602,11,Rural,1-2 cuartos,3 dormitorios
2,111153,900101,81,2,1,3,1,4,3,7,3,3,3,4,3,0,1,2,2, , ,1, , ,2,1,1,4,4,40, , , ,2, ,2, , , , , , , , , , , , , ,1121,"752,697150907842",111153900101,11115390010108102,111153900101081021,202602,11,Rural,3-4 cuartos,3 dormitorios
2,111153,900101,81,4,1,4,1,4,3,5,3,3,3,2,2,0,1,1,2, , ,3,2,2,1,1,1,4,4,20, , , ,2, ,1,1,2, ,2, ,2, ,1,10,2, ,2, ,1121,"752,697150907842",111153900101,11115390010108104,111153900101081041,202602,11,Rural,1-2 cuartos,3 dormitorios
2,111153,900101,81,5,1,3,1,3,3,4,2,1,1,3,3,0,1,2,2, , ,1, , ,1,1,1,2,5,200, , , ,2, ,2, , , , , , , , , , , , , ,1121,"752,697150907842",111153900101,11115390010108105,111153900101081051,202602,11,Rural,3-4 cuartos,1 dormitorio
2,111153,900101,81,6,1,1,1,4,2,5,2,3,2,3,3,0,1,1,2, , ,3,1,2,1,1,1,2,4,50, , , ,2, ,2, , , , , , , , , , , , , ,1121,"752,697150907842",111153900101,11115390010108106,111153900101081061,202602,11,Rural,3-4 cuartos,3 dormitorios
2,111153,900101,81,8,1,3,1,4,3,7,3,3,3,1,1,0,1,2,2, , ,1, , ,2,1,1,2,5,30, , , ,2, ,2, , , , , , , , , , , , , ,1121,"752,697150907842",111153900101,11115390010108108,111153900101081081,202602,11,Rural,1-2 cuartos,3 dormitorios
2,111153,900101,81,10,1,3,1,4,3,7,3,3,3,2,2,0,1,2,2, , ,3,2,2,2,1,1,2,5,50, , , ,2, ,2, , , , , , , , , , , , , ,1121,"752,697150907842",111153900101,11115390010108110,111153900101081101,202602,11,Rural,1-2 cuartos,3 dormitorios
2,111155,101,55,1,1,1,1,4,2,4,2,3,2,3,2,0,1,1,1, , ,1, , ,2,1,1,2,4,30, , , ,2, ,2, , , , , , , , , , , , , ,1122,"203,316359541139",111155000101,11115500010105501,111155000101055011,202602,11,Rural,3-4 cuartos,3 dormitorios
2,111155,101,55,2,1,1,1,3,1,1,1,3,1,4,3,0,1,1,1, , ,1, , ,1,1,1,2,4,100, , , ,1,1,2, ,2, ,2, ,1,30,2, ,2, ,2, ,1122,"203,316359541139",111155000101,11115500010105502,111155000101055021,202602,11,Rural,3-4 cuartos,3 dormitorios
2,111155,101,55,3,1,3,1,3,1,5,2,3,2,2,2,0,1,1,1, , ,1, , ,1,1,1,4,4,80, , , ,2, ,2, , , , , , , , , , , , , ,1122,"203,316359541139",111155000101,11115500010105503,111155000101055031,202602,11,Rural,1-2 cuartos,3 dormitorios
2,111155,101,55,4,1,1,1,2,2,2,2,1,1,3,2,0,1,1,1, , ,1, , ,1,1,1,2,5,120, , , ,2, ,2, , , , , , , , , , , , , ,1122,"203,316359541139",111155000101,11115500010105504,111155000101055041,202602,11,Rural,3-4 cuartos,1 dormitorio
2,111155,101,55,5,1,4,1,4,2,5,3,3,2,3,2,0,1,1,1, , ,1, , ,2,1,1,2,4,100, , , ,2, ,2, , , , , , , , , , , , , ,1122,"203,316359541139",111155000101,11115500010105505,111155000101055051,202602,11,Rural,3-4 cuartos,3 dormitorios
2,111155,101,55,6,1,1,1,2,2,4,2,1,2,5,4,1,1,1,1, , ,1, , ,1,1,1,2,4,100, , , ,2, ,2, , , , , , , , , , , , , ,1122,"203,316359541139",111155000101,11115500010105506,111155000101055061,202602,11,Rural,5 o más cuartos,1 dormitorio
2,111155,101,55,7,1,1,1,1,2,4,2,1,1,4,3,0,1,1,1, , ,1, , ,1,1,1,2,4,80, , , ,2, ,2, , , , , , , , , , , , , ,1122,"203,316359541139",111155000101,11115500010105507,111155000101055071,202602,11,Rural,3-4 cuartos,1 dormitorio
2,111250,900301,63,1,1,4,1,4,3,7,3,3,2,3,2,0,1,2,2, , ,3,2,2,2,1,1,4,4,70, , , ,2, ,2, , , , , , , , , , , , , ,1121,"294,046890324318",111250900301,11125090030106301,111250900301063011,202602,11,Rural,3-4 cuartos,3 dormitorios
2,111250,900301,63,2,1,3,1,4,3,7,3,3,3,3,2,0,1,1,2, , ,1, , ,2,1,1,4,4,40, , , ,2, ,2, , , , , , , , , , , , , ,1121,"294,046890324318",111250900301,11125090030106302,111250900301063021,202602,11,Rural,3-4 cuartos,3 dormitorios
2,111250,900301,63,3,1,3,1,4,3,7,3,3,3,4,3,0,1,1,2, , ,1, , ,1,1,1,4,4,150, , , ,2, ,2, , , , , , , , , , , , , ,1121,"294,046890324318",111250900301,11125090030106303,111250900301063031,202602,11,Rural,3-4 cuartos,3 dormitorios
2,111250,900301,63,4,1,4,1,4,3,7,3,3,2,2,2,0,1,2,2, , ,1, , ,2,1,1,4,4,80, , , ,2, ,2, , , , , , , , , , , , , ,1121,"294,046890324318",111250900301,11125090030106304,111250900301063041,202602,11,Rural,1-2 cuartos,3 dormitorios
2,111250,900301,63,6,1,3,1,4,3,7,3,3,2,3,2,0,1,2,2, , ,3,2,2,2,3,1,3,4,100, , , ,2, ,2, , , , , , , , , , , , , ,1121,"294,046890324318",111250900301,11125090030106306,111250900301063061,202602,11,Rural,3-4 cuartos,3 dormitorios
2,111250,900301,63,7,1,4,1,4,2,7,3,3,2,2,2,0,1,1,2, , ,1, , ,2,1,1,4,4,50, , , ,2, ,2, , , , , , , , , , , , , ,1121,"294,046890324318",111250900301,11125090030106307,111250900301063071,202602,11,Rural,1-2 cuartos,3 dormitorios
2,111250,900301,63,9,1,3,1,4,2,7,3,3,3,3,2,0,1,1,2, , ,1, , ,2,1,1,4,4,60, , , ,2, ,2, , , , , , , , , , , , , ,1121,"294,046890324318",111250900301,11125090030106309,111250900301063091,202602,11,Rural,3-4 cuartos,3 dormitorios
1,111350,403,55,1,1,1,2,1,2,4,2,1,2,2,1,0,1,1,1, , ,1, , ,1,1,1,2,5,200, , , ,1,1,1,1,2, ,2, ,1,160,1,10,2, ,2, ,1111,"453,032734438042",111350000403,11135000040305501,111350000403055011,202602,11,Urbana,1-2 cuartos,1 dormitorio
1,111350,403,55,2,1,1,2,2,2,4,2,1,2,3,2,0,1,1,1, , ,1, , ,1,1,1,2,1,70,2,2,1,2, ,2, , , , , , , , , , , , , ,1111,"453,032734438042",111350000403,11135000040305502,111350000403055021,202602,11,Urbana,3-4 cuartos,1 dormitorio
1,111350,403,55,3,1,1,1,2,1,2,1,1,1,3,2,0,1,1,1, , ,1, , ,1,1,1,2,4,150, , , ,2, ,2, , , , , , , , , , , , , ,1111,"453,032734438042",111350000403,11135000040305503,111350000403055031,202602,11,Urbana,3-4 cuartos,1 dormitorio
1,111350,403,55,4,1,1,2,2,1,2,1,1,1,4,3,0,1,1,1, , ,1, , ,1,1,1,2,4,150, , , ,1,2,2, ,2, ,2, ,2, ,1,150,2, ,2, ,1111,"453,032734438042",111350000403,11135000040305504,111350000403055041,202602,11,Urbana,3-4 cuartos,1 dormitorio
1,111350,403,55,5,1,1,2,1,2,2,2,1,2,4,3,0,1,1,1, , ,1, , ,1,1,1,2,4,120, , , ,1,1,2, ,2, ,2, ,2, ,1,60,2, ,2, ,1111,"453,032734438042",111350000403,11135000040305505,111350000403055051,202602,11,Urbana,3-4 cuartos,1 dormitorio
1,111350,403,55,6,1,1,2,1,1,2,1,1,1,2,1,0,1,1,1, , ,1, , ,1,1,1,2,1,80,2,2,1,2, ,2, , , , , , , , , , , , , ,1111,"453,032734438042",111350000403,11135000040305506,111350000403055061,202602,11,Urbana,1-2 cuartos,1 dormitorio
1,111350,403,55,7,1,1,1,4,3,4,2,3,2,3,2,0,1,1,1, , ,1, , ,1,1,1,2,4,100, , , ,2, ,2, , , , , , , , , , , , , ,1111,"453,032734438042",111350000403,11135000040305507,111350000403055071,202602,11,Urbana,3-4 cuartos,3 dormitorios
2,111354,900202,55,1,1,3,3,3,2,7,3,3,2,2,1,0,1,1,2, , ,1, , ,1,2,1,4,4,50, , , ,2, ,2, , , , , , , , , , , , , ,1121,"296,140022750163",111354900202,11135490020205501,111354900202055011,202602,11,Rural,1-2 cuartos,3 dormitorios
2,111354,900202,55,2,1,3,3,4,2,7,3,3,3,2,1,0,1,1,2, , ,1, , ,1,2,1,4,4,30, , , ,2, ,2, , , , , , , , , , , , , ,1121,"296,140022750163",111354900202,11135490020205502,111354900202055021,202602,11,Rural,1-2 cuartos,3 dormitorios
2,111354,900202,55,3,1,4,3,3,2,7,3,3,2,2,0,0,1,1,2, , ,1, , ,2,2,1,4,5,50, , , ,2, ,2, , , , , , , , , , , , , ,1121,"296,140022750163",111354900202,11135490020205503,111354900202055031,202602,11,Rural,1-2 cuartos,3 dormitorios
2,111354,900202,55,4,1,3,1,3,2,4,2,1,2,4,3,0,1,1,2, , ,1, , ,1,1,1,4,4,100, , , ,2, ,2, , , , , , , , , , , , , ,1121,"296,140022750163",111354900202,11135490020205504,111354900202055041,202602,11,Rural,3-4 cuartos,1 dormitorio
2,111354,900202,55,5,1,3,1,4,2,4,2,1,2,3,2,0,1,1,1, , ,1, , ,2,1,1,4,4,80, , , ,1,1,2, ,2, ,2, ,2, ,1,80,2, ,2, ,1121,"296,140022750163",111354900202,11135490020205505,111354900202055051,202602,11,Rural,3-4 cuartos,1 dormitorio
2,111354,900202,55,6,1,3,1,3,2,7,3,3,2,1,0,0,2,1,2, , ,1, , ,2,1,1,4,4,40, , , ,2, ,2, , , , , , , , , , , , , ,1121,"296,140022750163",111354900202,11135490020205506,111354900202055061,202602,11,Rural,1-2 cuartos,3 dormitorios
2,111354,900202,55,7,1,3,1,4,2,7,3,3,2,4,3,0,1,1,2, , ,1, , ,2,1,1,4,4,40, , , ,2, ,2, , , , , , , , , , , , , ,1121,"296,140022750163",111354900202,11135490020205507,111354900202055071,202602,11,Rural,3-4 cuartos,3 dormitorios
2,111450,900701,75,1,1,3,2,3,1,4,2,3,1,4,3,0,1,1,2, , ,1, , ,1,2,1,4,4,100, , , ,2, ,2, , , , , , , , , , , , , ,1121,"352,816017539601",111450900701,11145090070107501,111450900701075011,202602,11,Rural,3-4 cuartos,3 dormitorios
2,111450,900701,75,2,1,3,1,3,2,7,3,7,1,4,3,0,1,1,2, , ,1, , ,2,2,1,2,4,100, , , ,2, ,2, , , , , , , , , , , , , ,1121,"352,816017539601",111450900701,11145090070107502,111450900701075021,202602,11,Rural,3-4 cuartos,4 o más dormitorios
2,111450,900701,75,3,1,3,1,3,3,4,2,1,3,3,2,0,1,1,2, , ,1, , ,2,1,1,2,4,150, , , ,2, ,2, , , , , , , , , , , , , ,1121,"352,816017539601",111450900701,11145090070107503,111450900701075031,202602,11,Rural,3-4 cuartos,1 dormitorio
2,111450,900701,75,4,1,3,1,4,2,4,2,3,2,2,1,0,1,1,2, , ,1, , ,1,1,1,4,4,20, , , ,2, ,1,1,2, ,2, ,2, ,1,25,2, ,2, ,1121,"352,816017539601",111450900701,11145090070107504,111450900701075041,202602,11,Rural,1-2 cuartos,3 dormitorios
2,111450,900701,75,5,1,3,1,3,2,4,2,1,2,4,3,0,1,1,2, , ,1, , ,1,1,1,4,5,100, , , ,2, ,1,1,2, ,2, ,2, ,1,15,2, ,2, ,1121,"352,816017539601",111450900701,11145090070107505,111450900701075051,202602,11,Rural,3-4 cuartos,1 dormitorio
2,111450,900701,75,6,1,3,1,3,2,4,2,1,2,5,4,0,1,1,2, , ,1, , ,1,1,1,4,4,50, , , ,1,1,2, ,2, ,2, ,2, ,1,20,2, ,2, ,1121,"352,816017539601",111450900701,11145090070107506,111450900701075061,202602,11,Rural,5 o más cuartos,1 dormitorio
2,111450,900701,75,7,1,4,1,3,2,4,2,1,2,4,3,0,1,1,2, , ,1, , ,1,1,1,4,4,200, , , ,1,1,2, ,2, ,2, ,2, ,1,40,2, ,2, ,1121,"352,816017539601",111450900701,11145090070107507,111450900701075071,202602,11,Rural,3-4 cuartos,1 dormitorio
